player,club,games_played,games_started,mins,sub,goals,pass,assists,total_scoring_attempts,on_target_scoring_attempts,key_passes,expected_goals,fouls,fouls_suffered,offside,yellow_cards,total_red_cards
tai-baribo,PHI,5,5,394,0,6,81,0,13,8,2,4.74,7,5,1,2
hugo-cuypers,CHI,6,6,450,0,5,83,1,14,7,4,5.81,6,7,3,0
emmanuel-latte-lath,ATL,6,6,499,0,5,78.5,1,14,10,7,3.3,6,4,5,3
antony,POR,6,6,523,0,4,78,0,12,10,6,1.91,10,6,2,1
christian-benteke,DC,6,6,531,0,4,69.3,1,30,13,8,6.56,11,5,6,2
evander,CIN,6,5,462,1,4,80.9,1,21,11,13,1.6,8,9,1,1
alonso-martinez,NYC,5,5,431,0,4,71.7,0,14,10,2,3.22,2,3,3,0
martin-ojeda,ORL,6,6,487,0,4,86.9,3,18,7,15,2.84,3,4,1,0
tani-oluwaseyi,MIN,5,5,375,0,4,72.8,2,15,8,4,3.51,10,6,3,2
marco-pasalic,ORL,6,6,488,0,4,78,1,16,8,7,2.59,5,3,0,0
diego-rossi,CLB,6,6,540,0,4,85.7,0,18,9,5,1.99,4,9,3,1
kelvin-yeboah,MIN,6,5,441,1,4,67.4,0,27,11,4,5.26,8,3,3,0
luciano-acosta,DAL,6,6,528,0,3,73.1,0,8,4,12,2.06,7,12,2,2
cristian-arango,SJ,6,6,527,0,3,77.3,0,26,7,9,3.48,11,11,1,1
kevin-denkey,CIN,5,4,389,1,3,86.3,0,11,5,4,3.42,7,2,7,0
anders-dreyer,SD,6,6,540,0,3,84.2,1,21,8,20,2.67,1,4,3,0
emil-forsberg,RBNY,6,6,536,0,3,82.9,1,12,4,14,2.03,0,12,3,0
jordan-morris,SEA,3,2,216,1,3,75.8,0,7,4,4,1.38,0,1,3,0
luis-muriel,ORL,6,4,408,2,3,75.9,3,19,8,8,2.64,5,3,2,0
rafael-navarro,COL,6,6,539,0,3,67.6,0,13,5,5,2.99,10,13,3,0
christian-ramirez,LA,6,4,297,2,3,67.3,0,8,4,4,1.62,0,5,1,0
telasco-segovia,MIA,5,3,246,2,3,81.8,1,4,3,4,0.57,2,5,0,0
hannes-wolf,NYC,6,6,499,0,3,81,1,10,4,4,2.11,8,4,2,0
sam-adekugbe,VAN,2,2,114,0,2,94.1,0,4,2,2,1.67,0,1,0,0
tadeo-allende,MIA,3,3,237,0,2,74.3,0,6,5,1,0.49,2,2,5,0
josh-bauer,NSH,4,2,164,2,2,81.8,0,3,2,4,0.32,3,1,0,0
pep-biel,CLT,6,6,465,0,2,84.3,4,10,5,10,1.68,5,5,0,0
eric-maxim-choupo-moting,RBNY,6,6,540,0,2,83.8,1,9,5,9,1.62,9,10,5,2
alexander-freeman,ORL,6,5,484,1,2,81.7,1,7,3,10,0.85,1,9,3,0
daniel-gazdag,PHI,5,5,430,0,2,87.6,2,5,3,8,0.94,5,11,2,1
carles-gil,NE,5,5,450,0,2,81,0,11,3,6,1.16,1,20,0,0
brian-gutierrez,CHI,3,3,266,0,2,86.4,0,8,6,3,0.66,6,2,0,2
andrew-gutman,CHI,6,6,495,0,2,79.4,2,7,2,6,0.98,7,6,3,2
dejan-joveljic,SKC,6,5,460,1,2,79.4,0,3,2,5,1.05,7,2,1,1
deandre-kerr,TOR,5,2,223,3,2,61.8,0,3,3,1,0.48,2,8,2,0
jovan-lukic,PHI,6,6,494,0,2,84.1,0,12,4,5,0.39,6,3,0,1
david-martinez,LAFC,6,3,299,3,2,80.2,0,11,5,3,1.35,2,2,1,1
lionel-messi,MIA,3,2,215,1,2,82.1,2,12,9,7,2.08,1,5,0,1
djordje-mihailovic,COL,6,6,539,0,2,80.3,2,11,5,19,1.55,4,10,1,1
felipe-mora,POR,6,5,338,1,2,74.3,2,6,5,7,1.06,2,9,0,2
petar-musa,DAL,6,6,540,0,2,75.4,3,12,4,8,2.23,5,9,5,1
ahmed-qasem,NSH,5,3,277,2,2,78.7,0,7,4,2,1.17,4,3,1,0
albert-rusnak,SEA,6,5,501,1,2,89.7,3,22,10,23,2.2,1,1,2,0
jacen-russell-rowe,CLB,6,6,450,0,2,73.8,0,11,6,3,1.81,7,7,0,1
daniel-salloi,SKC,6,2,251,4,2,77.9,0,4,4,1,0.7,3,3,0,0
onni-valakari,SD,6,2,297,4,2,85.3,3,9,5,8,2.17,6,11,0,0
philip-zinckernagel,CHI,5,5,352,0,2,73.1,2,6,3,8,1.11,11,5,0,2
liel-abada,CLT,5,5,347,0,1,81.7,0,8,2,3,0.72,3,4,2,1
patrick-agyemang,CLT,5,5,408,0,1,75.9,0,9,3,7,1,8,8,2,1
forster-ajago,RSL,6,3,258,3,1,76,0,4,3,3,0.38,7,4,3,2
miguel-almiron,ATL,5,5,446,0,1,87,2,13,6,6,1.4,7,10,2,0
cesar-araujo,ORL,5,5,450,0,1,92.9,1,4,2,3,0.42,8,19,1,1
maximilian-arfsten,CLB,5,5,449,0,1,88.1,1,7,1,7,0.72,6,9,1,2
tomas-aviles,MIA,4,3,159,1,1,92.8,0,1,1,0,0.56,3,0,0,1
leonardo-barroso,CHI,4,2,265,2,1,81,1,1,1,2,0.77,0,2,0,0
cole-bassett,COL,6,6,510,0,1,78.8,0,12,3,3,1.62,7,0,0,1
amine-bassi,HOU,6,6,506,0,1,87.3,0,7,3,5,1.83,11,9,3,1
simon-becher,STL,6,4,337,2,1,59.1,0,9,5,3,1.31,4,9,4,2
federico-bernardeschi,TOR,6,6,540,0,1,76.4,2,16,7,8,1.39,7,7,3,2
guilherme-biro,ATX,6,6,515,0,1,82,0,2,1,5,0.2,3,3,0,1
tristan-blackmon,VAN,5,5,450,0,1,91.4,0,4,1,2,0.46,6,6,0,1
ousseni-bouda-x9038,SJ,6,3,271,3,1,76.1,0,11,5,1,1.13,5,4,1,1
brandt-bronico,CLT,6,5,425,1,1,82.4,0,1,1,1,0.75,7,0,0,2
osman-bukari,ATX,6,5,428,1,1,85.7,1,12,3,8,1.27,5,3,3,0
leonardo-alves-chu-franco,DAL,2,2,122,0,1,76,0,5,1,1,0.69,2,1,1,0
vitor-costa-de-brito,SJ,3,0,38,3,1,78.6,0,2,1,1,0.41,0,1,0,0
david-da-costa,POR,6,5,483,1,1,84,2,9,2,9,0.95,1,3,1,0
bruno-damiani,PHI,5,1,193,4,1,73.7,0,9,7,5,2.25,7,6,0,1
luca-de-la-torre,SD,6,6,469,0,1,88.5,1,7,3,6,0.5,9,0,1,1
hassani-dotson,MIN,5,5,375,0,1,76.9,0,2,2,6,0.13,4,2,0,2
jeremy-ebobisse,LAFC,3,3,219,0,1,76.7,0,4,2,1,0.38,4,1,1,0
boris-enow,DC,6,5,368,1,1,84.7,0,3,1,1,0.27,10,4,0,1
franco-escobar,HOU,6,5,350,1,1,88.8,0,2,1,1,0.26,4,3,0,2
logan-farrington,DAL,6,2,228,4,1,72.2,0,3,2,3,0.32,3,8,2,1
julian-fernandez,NYC,6,4,313,2,1,79.8,2,7,3,5,0.55,4,3,0,0
deybi-flores,TOR,5,3,292,2,1,80.7,0,5,3,0,0.68,6,5,0,1
jon-gallagher,ATX,6,3,326,3,1,74.5,0,4,1,2,0.46,3,2,0,1
emiro-garces-x0776,LA,5,3,235,2,1,95.7,0,2,1,1,0.14,3,3,0,0
ryan-gauld,VAN,3,3,199,0,1,84.2,1,5,3,5,0.8,2,1,0,1
dennis-gjengaar,RBNY,2,2,177,0,1,89,0,6,3,0,1.16,2,0,1,0
ian-glavinovich,PHI,3,2,167,1,1,81.8,0,3,1,0,0.48,2,3,0,1
diogo-goncalves-x8534,RSL,6,5,427,1,1,84.6,1,13,7,9,1.19,7,3,1,0
calvin-harris,COL,4,0,104,4,1,81.5,0,5,1,0,1.31,1,1,0,0
marcel-hartel,STL,6,6,536,0,1,77.9,0,13,5,16,1.34,1,4,2,0
ryan-hollingshead,LAFC,6,3,359,3,1,88.7,0,7,3,3,1.52,4,7,1,0
mitja-ilenic,NYC,6,5,532,1,1,82,0,4,2,3,0.32,6,8,0,0
marcus-ingvartsen,SD,4,4,315,0,1,80,0,11,4,3,1.58,11,6,2,0
tate-johnson,VAN,3,2,192,1,1,86.1,0,1,1,0,0.36,1,5,0,0
anderson-julio,DAL,3,3,241,0,1,79.2,1,6,4,4,1.15,4,3,3,1
kevin-kelsy,POR,6,2,239,4,1,82,0,5,2,1,0.86,3,2,2,0
hosei-kijima,DC,6,6,474,0,1,86.8,0,4,1,4,0.44,6,6,2,0
kalani-kossa-rienzi,SEA,3,2,149,1,1,87.1,0,1,1,0,0.2,1,0,1,0
rominigue-kouame,CHI,2,0,36,2,1,81.3,0,2,2,0,0.32,1,2,0,0
yuya-kubo,CIN,5,5,374,0,1,80.3,0,10,4,5,0.97,5,2,5,1
mathias-laborda,VAN,6,6,529,0,1,91.6,0,10,2,5,1.8,7,2,0,0
beau-lerouox,SJ,6,5,389,1,1,86,1,7,4,7,1,2,4,0,1
nicolas-lodeiro,HOU,6,4,337,2,1,83.9,0,5,2,5,0.23,7,12,0,0
aaron-long,LAFC,5,5,405,0,1,94,0,1,1,1,0.86,2,3,0,0
eduard-lowen,STL,5,5,348,0,1,85.3,0,3,1,6,0.22,6,4,0,2
diego-luna,RSL,5,5,419,0,1,82.7,2,8,1,5,0.73,8,4,0,1
lukas-macnaughton,DC,2,1,99,1,1,90.6,0,2,1,0,0.6,3,1,0,1
adilson-malanda,CLT,6,6,540,0,1,87.1,1,3,1,1,1.08,1,1,0,2
josef-martinez,SJ,5,4,325,1,1,83.8,0,9,6,4,2.08,0,0,4,0
pedro-fonseca-x5893,DAL,4,2,146,2,1,73.2,0,3,1,0,0.79,1,1,0,0
christopher-mcvey,SD,6,6,540,0,1,93.6,0,3,1,2,0.53,7,1,0,2
alex-mighten,SD,3,1,113,2,1,90,0,4,2,1,1.5,0,3,0,0
aleksey-miranchuk,ATL,6,6,523,0,1,84.4,0,16,6,13,1.37,8,2,2,0
edwin-mosquera,ATL,4,0,47,4,1,69.6,0,4,2,0,0.24,3,0,0,2
hany-mukhtar,NSH,6,6,522,0,1,84.2,2,24,9,12,3.94,9,8,7,0
jacob-murrell,DC,6,1,183,5,1,62.9,1,4,2,2,0.51,5,0,0,0
alex-muyl,NSH,6,6,488,0,1,77.3,0,8,4,10,1.36,6,3,2,0
andy-najar,NSH,5,4,376,1,1,80.4,0,7,2,5,0.28,8,2,0,0
franco-negri,SD,6,4,294,2,1,87,0,3,1,3,0.22,5,2,0,3
jayden-nelson,VAN,5,4,274,1,1,85,4,7,3,6,0.63,11,3,1,1
nathan-ordaz,LAFC,6,3,302,3,1,93.3,1,6,3,4,1.56,2,5,4,1
jonathan-osorio,TOR,5,5,450,0,1,87.8,1,2,2,0,0.96,8,11,2,0
prince-osei-owusu,MTL,6,6,523,0,1,68,1,12,4,6,2.75,13,14,7,0
gabriel-pec,LA,6,6,540,0,1,86.8,1,27,9,3,1.49,11,7,1,3
jonathan-perez,NSH,4,1,103,3,1,81,0,3,2,0,0.14,1,2,0,0
fafa-picault,MIA,3,2,104,1,1,62.5,1,2,1,0,0.33,4,1,2,0
ariath-piol,RSL,4,4,229,0,1,71.4,0,4,1,2,0.94,3,3,3,0
ezequiel-ponce,HOU,6,6,534,0,1,87,1,12,1,4,2.16,16,8,6,2
jamar-ricketts,SJ,5,5,386,0,1,79.4,0,3,1,3,0.42,7,5,1,0
daniel-rios,VAN,5,1,110,4,1,74.2,0,3,1,0,0.44,0,0,1,0
rodrigues,SJ,5,4,404,1,1,81.8,0,3,2,1,0.75,2,8,0,1
cristian-roldan,SEA,6,5,458,1,1,89.7,3,9,3,5,0.52,5,17,2,0
keegan-rosenberry,COL,6,6,526,0,1,73.1,1,3,2,0,0.07,3,0,1,0
sigurd-rosted,TOR,4,3,314,1,1,83.5,0,2,1,1,0.25,2,6,0,1
paul-rothrock,SEA,6,6,439,0,1,79.1,1,9,3,7,0.81,7,10,2,0
nathan-dylan-saliba,MTL,5,5,441,0,1,83.3,0,6,2,2,1.1,4,7,0,2
dante-sealy,MTL,3,3,253,0,1,74,0,5,2,5,0.59,5,6,0,1
artem-smolyakov,LAFC,5,2,173,3,1,84.4,0,1,1,0,0.03,2,3,0,0
mohammed-sofo,RBNY,2,1,98,1,1,100,0,3,3,0,0.9,2,0,1,0
luis-suarez,MIA,5,5,380,0,1,80.8,4,8,1,10,1.18,6,11,2,2
sam-surridge,NSH,6,6,540,0,1,64.7,1,15,8,9,2.85,14,17,4,0
robert-taylor,MIA,3,1,152,2,1,80,0,5,2,2,1.36,0,1,1,0
cedric-teuchert,STL,5,4,252,1,1,78.1,1,6,2,3,1.34,3,4,5,0
erik-thommy,SKC,6,5,383,1,1,84,0,10,1,4,0.49,7,10,1,0
dagur-thorhallsson,ORL,6,1,122,5,1,80.3,0,1,1,2,0.27,0,3,0,0
mikael-uhre,PHI,6,6,410,0,1,79.8,0,11,6,6,1.37,8,9,6,1
cengiz-under,LAFC,3,3,202,0,1,81.5,0,5,1,3,1.23,0,3,0,0
myrto-uzuni,ATX,4,3,278,1,1,81.3,0,8,4,5,1.47,2,1,2,1
kerwin-vargas,CLT,6,2,219,4,1,80.8,0,12,4,2,1.18,2,4,0,0
brandon-vazquez,ATX,6,6,533,0,1,59.8,0,18,8,4,2.09,17,11,5,3
pedro-vite,VAN,5,4,388,1,1,85.1,3,7,5,6,0.38,2,10,0,0
ashley-westwood,CLT,6,6,540,0,1,85.3,0,2,1,2,0.63,9,5,0,0
brian-white,VAN,5,5,442,0,1,79.3,0,14,7,5,3.23,3,6,2,1
wilfried-zaha,CLT,5,5,450,0,1,87,0,9,4,4,0.62,9,17,1,1
luis-abram,ATL,4,2,200,2,0,87.2,0,1,0,0,0.1,1,1,0,0
lalas-abubakar,DAL,3,0,11,3,0,75,0,0,0,0,0,0,0,0,0
kellyn-acosta,CHI,3,3,210,0,0,89.2,0,1,1,0,0.04,3,5,0,0
chase-mesner-adams,CLB,0,0,0,0,0,0,0,0,0,0,0,0,0,0,0
,CIN,0,0,0,0,0,0,0,0,0,0,0,0,0,0,0
leonardo-frugis-afonso,MIA,1,0,8,1,0,100,0,0,0,0,0,3,0,0,1
stephen-afrifa,SKC,0,0,0,0,0,0,0,0,0,0,0,0,0,0,0
william-agada,SKC,4,1,93,3,0,89.5,0,6,0,2,1.08,3,1,0,0
ali-ahmed,VAN,5,3,287,2,0,87.4,1,6,1,3,0.64,1,8,1,0
jordi-alba,MIA,5,5,450,0,0,80.4,3,4,1,6,0.25,4,6,1,3
aliyu-ibrahim,HOU,5,2,153,3,0,71.4,0,1,0,0,0.04,6,1,4,1
noah-allen,MIA,5,4,363,1,0,91.8,0,0,0,0,0,3,3,0,1
alejandro-alvarado,SD,4,1,121,3,0,91,0,1,0,1,0.09,6,2,0,0
fernando-alvarez,MTL,4,1,95,3,0,85.5,0,0,0,0,0,3,1,0,0
pedro-amador,ATL,3,3,264,0,0,84.1,0,2,0,3,0.07,2,1,0,1
prince-amponsah,NYC,0,0,0,0,0,0,0,0,0,0,0,0,0,0,0
malte-amundsen,CLB,5,4,337,1,0,90.3,1,2,0,2,0.07,4,2,0,1
tomas-angel,SD,6,3,234,3,0,87,2,5,1,5,0.48,4,0,0,1
ivan-angulo,ORL,6,6,479,0,0,83.3,2,7,2,6,0.91,4,6,0,2
tah-brian-anunga,CIN,5,2,206,3,0,89.1,0,0,0,1,0,1,0,0,0
christopher-applewhite,NSH,0,0,0,0,0,0,0,0,0,0,0,0,0,0,0
paul-arriola,SEA,2,0,74,2,0,75.7,0,1,0,0,0.09,4,0,1,0
exon-arzu,HOU,0,0,0,0,0,0,0,0,0,0,0,0,0,0,0
josh-atencio,COL,5,5,390,0,0,83.3,0,2,0,2,0.3,4,1,0,0
eduard-atuesta,ORL,6,6,516,0,0,80.5,2,7,1,14,0.45,16,8,1,3
julian-aude,LA,6,3,364,3,0,91.2,0,0,0,2,0,7,8,0,0
chidozie-awaziem-x7795,COL,6,6,514,0,0,80.6,0,3,1,2,0.51,5,3,0,1
obafemi-awodesu,HOU,6,6,540,0,0,86.6,0,2,0,1,0.24,4,4,1,2
david-ayala,POR,6,6,452,0,0,86.9,0,7,1,3,0.59,2,5,0,1
dominique-badji,DC,5,0,87,5,0,74.3,0,3,1,0,0.78,4,2,0,0
jeevan-badwal-x1100,VAN,4,0,46,4,0,70,0,0,0,0,0,1,0,0,1
andrew-baiera,NYC,0,0,0,0,0,0,0,0,0,0,0,0,0,0,0
corey-baird,CIN,6,1,199,5,0,88.8,0,4,0,6,1.32,1,3,0,1
cody-baker,SEA,0,0,0,0,0,0,0,0,0,0,0,0,0,0,0
reed-baker-whiting-x4772,SEA,0,0,0,0,0,0,0,0,0,0,0,0,0,0,0
mounsef-bakrar,NYC,6,2,161,4,0,73,0,2,1,1,0.07,7,3,0,1
jonathan-bamba,CHI,6,6,508,0,0,78.3,4,7,1,11,0.33,8,6,3,0
fidel-barajas,DC,2,0,18,2,0,100,0,0,0,1,0,0,1,0,0
jesus-barea,RSL,1,0,45,1,0,93.3,0,4,2,0,0.77,0,1,0,0
tom-barlow,CHI,6,0,102,6,0,71.4,0,1,1,1,0.07,3,0,4,1
luis-barraza,DC,0,0,0,0,0,0,0,0,0,0,0,0,0,0,0
lucas-bartlett,DC,6,6,540,0,0,84.4,1,3,0,0,0.54,8,3,1,1
jacob-bartlett,SKC,3,3,172,0,0,87,0,0,0,0,0,3,1,0,2
ethan-bartlow,HOU,5,4,336,1,0,76.7,0,4,1,1,0.78,5,0,0,1
sam-bassett,COL,0,0,0,0,0,0,0,0,0,0,0,0,0,0,0
zorhan-bassong,SKC,5,3,230,2,0,87.4,0,1,1,1,0.03,3,4,1,0
andy-batioja,HOU,1,0,9,1,0,100,0,0,0,0,0,0,0,0,0
timo-baumgartl,STL,2,0,13,2,0,0,0,2,1,0,0.12,0,0,0,0
tanner-beason,NE,1,0,53,1,0,76.9,0,1,1,0,0.01,0,0,0,0
adam-beaudry,COL,1,1,90,0,0,31.8,0,0,0,0,0,0,0,0,0
alejandro-bedoya,PHI,3,0,33,3,0,84,1,0,0,0,0,2,0,0,0
jon-bell,SEA,5,4,363,1,0,85.6,0,1,0,0,0.08,5,0,0,0
benjamin-bender,CLT,0,0,0,0,0,0,0,0,0,0,0,0,0,0,0
ramiro-benetti,DAL,6,6,481,0,0,83.8,0,1,0,1,0.03,10,2,2,3
sebastian-berhalter,VAN,6,6,487,0,0,85.1,0,9,2,19,0.34,9,6,1,1
miguel-berry,LA,6,2,222,4,0,81.8,2,2,2,6,0.73,1,0,0,0
david-bingham,CLT,0,0,0,0,0,0,0,0,0,0,0,0,0,0,0
andre-blake,PHI,5,5,450,0,0,71.6,0,0,0,0,0,0,0,0,0
emmanuel-boateng,SD,2,0,74,2,0,82.3,0,0,0,0,0,0,0,0,0
isaac-boehmer,VAN,0,0,0,0,0,0,0,0,0,0,0,0,0,0,0
wiktor-bogacz,RBNY,1,0,1,1,0,0,0,0,0,0,0,0,0,0,0
luca-bombino,SD,3,2,174,1,0,86.7,0,2,0,3,0.18,0,3,0,0
alex-bono,NE,0,0,0,0,0,0,0,0,0,0,0,0,0,0,0
dylan-borso,CHI,0,0,0,0,0,0,0,0,0,0,0,0,0,0,0
denis-bouanga,LAFC,5,4,391,1,0,79.3,1,16,7,4,1.32,6,4,1,0
giuseppe-bovalina,VAN,0,0,0,0,0,0,0,0,0,0,0,0,0,0,0
michael-boxall,MIN,4,4,360,0,0,77,1,0,0,2,0,2,2,0,1
chris-brady,CHI,6,6,540,0,0,71.6,0,0,0,0,0,0,2,0,0
claudio-bravo,POR,2,0,3,2,0,100,0,1,1,0,0.36,0,0,0,0
david-brekalo,ORL,3,1,122,2,0,91.2,0,3,0,1,0.24,1,0,0,0
luke-brennan,ATL,0,0,0,0,0,0,0,0,0,0,0,0,0,0,0
sebastian-breza,MTL,0,0,0,0,0,0,0,0,0,0,0,0,0,0,0
yannick-bright,MIA,4,3,256,1,0,91.2,0,0,0,1,0,6,8,0,3
andrew-brody,SKC,1,0,34,1,0,88.2,0,0,0,0,0,0,1,0,0
lachlan-brook,RSL,2,0,69,2,0,76,0,4,0,1,0.16,1,0,1,1
tristan-brown,CLB,1,0,17,1,0,68.8,0,1,0,0,0.03,0,0,0,0
javain-brown,RSL,3,3,195,0,0,89.5,0,4,1,0,0.43,5,2,0,1
gaston-brugman,NSH,4,1,108,3,0,79.3,1,0,0,0,0,4,4,0,0
heine-bruseth,SD,0,0,0,0,0,0,0,0,0,0,0,0,0,0,0
ola-brynhildsen,TOR,3,1,107,2,0,53.9,0,0,0,1,0,3,2,1,0
pavel-bucha,CIN,6,5,481,1,0,88.7,2,6,2,11,0.32,5,4,0,0
noel-buck,NE,2,0,22,2,0,92.3,0,0,0,0,0,1,0,0,0
jesus-bueno,PHI,2,0,16,2,0,89.5,0,0,0,0,0,1,1,0,0
dawid-bugaj,MTL,0,0,0,0,0,0,0,0,0,0,0,0,0,0,0
teal-bunbury,NSH,5,0,35,5,0,79,0,4,0,0,0.68,0,3,0,0
roman-burki,STL,3,3,270,0,0,67,0,0,0,0,0,0,1,0,0
evan-bush,CLB,1,1,90,0,0,92.3,0,0,0,0,0,0,0,0,0
sergio-busquets,MIA,5,5,442,0,0,87.4,1,0,0,1,0,6,13,0,1
brandon-bye,NE,4,3,253,1,0,76.6,0,0,0,2,0,0,0,0,0
nathan-byrne,CLT,6,6,540,0,0,78.9,0,0,0,4,0,2,3,0,0
kevin-cabral,COL,6,6,405,0,0,79.2,0,5,2,2,0.61,5,9,1,0
rafael-cabral,RSL,6,6,540,0,0,78.9,0,0,0,0,0,0,1,0,1
manuel-cafumana,DAL,0,0,0,0,0,0,0,0,0,0,0,0,0,0,0
drake-callender,MIA,1,0,4,1,0,28.6,0,0,0,0,0,0,0,0,0
leonardo-campana,NE,3,3,190,0,0,72.9,0,5,1,1,0.44,2,0,0,0
george-campbell,MTL,4,4,354,0,0,88.5,1,4,1,1,0.55,4,6,0,0
reggie-cannon,COL,4,4,353,0,0,73.8,0,0,0,1,0,5,4,0,1
gustavo-caraballo,ORL,3,0,7,3,0,90.9,0,0,0,1,0,0,2,0,0
felipe-carballo,RBNY,5,0,88,5,0,86.2,1,2,0,2,0.04,3,1,0,1
wikelman-carmona,RBNY,6,2,189,4,0,84,0,3,0,1,0.14,1,4,0,0
antonio-carrera,DAL,0,0,0,0,0,0,0,0,0,0,0,0,0,0,0
maximo-carrizo,NYC,1,0,17,1,0,0,0,0,0,1,0,0,0,0,0
julio-cascante,ATX,4,2,156,2,0,90.3,0,0,0,1,0,3,3,0,0
jacob-castro,SEA,0,0,0,0,0,0,0,0,0,0,0,0,0,0,0
austin-causey,RBNY,0,0,0,0,0,0,0,0,0,0,0,0,0,0,0
nico-cavallo,NYC,3,1,51,2,0,69.2,0,0,0,0,0,0,0,0,0
brayan-ceballos,NE,4,4,360,0,0,80,0,2,0,0,0.08,6,1,0,1
roman-celentano-x4766,CIN,6,6,540,0,0,74,0,0,0,0,0,0,1,0,0
edwin-cerrillo,LA,6,6,493,0,0,93.3,1,5,0,3,0.17,10,3,0,2
dylan-chambost,CLB,6,6,539,0,0,85.6,2,5,1,8,0.43,5,5,0,1
maxime-chanot,LAFC,0,0,0,0,0,0,0,0,0,0,0,0,0,0,0
diego-chara,POR,6,4,429,2,0,92.5,0,2,0,3,0.06,11,5,0,1
yevhen-cheberko,CLB,6,6,540,0,0,91.8,0,1,0,4,0.33,3,9,0,0
stefan-chirilla,CIN,1,0,1,1,0,0,0,0,0,0,0,0,0,0,0
dominik-chong-qui,ATL,2,1,60,1,0,69.6,0,0,0,1,0,0,1,0,0
markus-cimermancic,TOR,4,3,220,1,0,80.5,0,1,0,1,0.04,3,1,2,0
caden-clark,MTL,6,4,381,2,0,71.9,1,5,1,5,0.54,4,4,2,1
stefan-cleveland,ATX,0,0,0,0,0,0,0,0,0,0,0,0,0,0,0
noah-cobb,ATL,2,0,23,2,0,76.2,0,0,0,0,0,1,0,0,0
alonso-coello,TOR,6,5,403,1,0,81.6,0,1,0,4,0.03,4,3,0,0
josh-cohen,ATL,0,0,0,0,0,0,0,0,0,0,0,0,0,0,0
michael-collodi,DAL,1,1,90,0,0,68.6,0,0,0,0,0,0,0,0,0
theo-corbeanu,TOR,4,2,202,2,0,82.9,0,5,1,5,0.3,2,1,3,0
matthew-corcoran,NSH,2,2,148,0,0,81.9,0,0,0,0,0,3,0,0,1
carlos-miguel-coronel,RBNY,5,5,450,0,0,57.5,0,0,0,0,0,0,0,0,0
brandan-craig,MTL,2,1,106,1,0,91,0,0,0,0,0,3,0,0,1
benjamin-cremaschi,MIA,5,4,289,1,0,78.6,2,1,1,3,0.1,6,1,0,3
maxime-crepeau,POR,1,1,90,0,0,57.8,0,0,0,0,0,0,0,0,0
pedro-cruz,HOU,0,0,0,0,0,0,0,0,0,0,0,0,0,0,0
andres-cubas,VAN,5,5,381,0,0,90.9,0,0,0,1,0,11,7,0,1
christopher-cupps,CHI,0,0,0,0,0,0,0,0,0,0,0,0,0,0,0
jacob-davis,SKC,6,6,499,0,0,82.9,1,3,0,6,0.16,10,2,0,2
pedro-de-la-vega,SEA,3,1,84,2,0,80.4,0,1,0,1,0.06,0,2,0,0
artur,HOU,6,6,540,0,0,88.3,0,3,0,4,0.12,7,7,0,1
daniel,SJ,6,6,540,0,0,67.6,0,0,0,0,0,0,3,0,1
jonathan-dean,CHI,4,4,275,0,0,78,0,2,1,4,0.11,3,1,0,0
patrickson-delgado,DAL,5,2,146,3,0,92.5,0,1,0,1,0.07,0,4,0,0
marky-delgado,LAFC,6,5,415,1,0,86,2,1,0,7,0.58,4,9,0,0
mikkel-desler,ATX,3,3,239,0,0,80.7,0,2,0,3,0.13,3,4,0,1
djibril-diani,CLT,4,0,81,4,0,91.5,0,1,0,0,0.06,5,2,0,1
jefferson-diaz,MIN,5,3,273,2,0,70.2,1,1,0,4,0.03,2,1,0,0
luis-diaz-espinoza,NE,5,0,70,5,0,79,0,3,0,1,0.09,4,7,2,0
griffin-dillon,RSL,0,0,0,0,0,0,0,0,0,0,0,0,0,0,0
hamady-diop,SD,2,0,44,2,0,96.7,0,0,0,2,0,0,0,0,0
derek-dodson,DC,3,0,87,3,0,75.7,0,1,0,1,0.17,1,0,0,1
ronald-donkor,RBNY,2,0,22,2,0,50,0,0,0,0,0,0,1,0,0
chris-donovan,PHI,5,0,48,5,0,77.8,1,2,0,0,0.33,0,3,0,0
griffin-dorsey,HOU,6,6,540,0,0,82.9,1,6,0,5,0.79,8,4,0,1
carlos-joaquim-antunes-dos-santos,SD,6,6,540,0,0,89,0,0,0,0,0,0,0,0,0
souleyman-doumbia,CLT,2,2,180,0,0,87.1,0,0,0,0,0,2,1,0,0
manu-duah,SD,0,0,0,0,0,0,0,0,0,0,0,0,0,0,0
nicolas-dubersarsky,ATX,3,0,15,3,0,71.4,0,0,0,0,0,0,0,0,0
erik-duenas,HOU,5,0,67,5,0,81.8,1,1,1,3,0.06,3,0,0,1
morris-duggan,MIN,6,6,540,0,0,79.5,1,2,2,5,0.57,3,0,2,0
bryce-duke,MTL,6,4,362,2,0,80.5,1,6,3,3,0.92,3,8,0,0
chris-durkin,STL,5,4,343,1,0,71.7,0,4,0,0,0.1,10,5,1,2
daniel-edelman,RBNY,6,6,533,0,0,88,0,2,1,2,0.07,2,14,0,0
matthew-edwards,ATL,6,4,350,2,0,83.1,0,1,1,6,0.14,8,8,0,2
michael-edwards,COL,1,0,26,1,0,81.8,0,0,0,0,0,0,0,0,0
raheem-edwards,RBNY,5,3,335,2,0,80.5,1,3,0,0,0.55,9,5,0,1
earl-edwards-jr,SJ,0,0,0,0,0,0,0,0,0,0,0,0,0,0,0
noah-eile,RBNY,6,6,540,0,0,86.8,0,5,3,1,1.08,10,4,0,2
jack-elliott,CHI,6,6,540,0,0,82.6,1,7,1,2,0.63,9,3,1,1
emeka-eneli,RSL,5,4,405,1,0,88.3,1,3,1,5,0.15,5,10,0,0
lukas-engel,CIN,6,6,496,0,0,74.7,0,2,0,6,0.27,2,4,0,1
ramiro-enrique,ORL,5,2,175,3,0,82.2,1,3,1,0,0.71,3,2,0,0
cristian-espinoza,SJ,6,6,540,0,0,77.6,3,7,3,27,0.33,7,4,1,2
ascel-essengue-x9275,LA,0,0,0,0,0,0,0,0,0,0,0,0,0,0,0
derrick-etienne-jr,TOR,4,1,115,3,0,81.8,1,1,0,2,0.08,5,2,1,1
ali-fadal,COL,0,0,0,0,0,0,0,0,0,0,0,0,0,0,0
diego-fagundez,LA,6,6,532,0,0,88.5,0,7,0,10,0.22,5,7,0,2
maximiliano-falcon,MIA,2,2,180,0,0,92,0,0,0,0,0,0,2,0,1
marco-farfan,DAL,6,5,465,1,0,83.3,0,3,0,5,0.24,9,7,1,0
bryant-farkarlun,ATX,0,0,0,0,0,0,0,0,0,0,0,0,0,0,0
jordan-farr,DC,0,0,0,0,0,0,0,0,0,0,0,0,0,0,0
andrew-farrell,NE,0,0,0,0,0,0,0,0,0,0,0,0,0,0,0
mohamed-farsi,CLB,4,4,352,0,0,88.7,1,5,3,7,1.11,4,3,1,1
ilay-feingold,NE,5,4,375,1,0,82.3,0,1,0,2,0.02,5,14,2,3
joaquin-fernandez,SKC,4,4,342,0,0,93,0,0,0,0,0,7,2,0,2
omir-fernandez,COL,6,0,125,6,0,75.7,2,2,0,7,0.14,3,3,0,0
jesus-ferreira,SEA,6,4,347,2,0,83.4,2,4,1,6,0.18,5,1,1,1
kaick,DAL,1,0,15,1,0,60,0,0,0,0,0,1,0,0,0
reid-fisher,TOR,0,0,0,0,0,0,0,0,0,0,0,0,0,0,0
nicolas-fleuriau-chateau,VAN,2,0,7,2,0,100,0,2,1,0,0.37,1,1,0,0
gilberto-flores-x2345,CIN,5,4,358,1,0,84.2,0,2,0,0,0.08,2,2,0,1
max-floriani,SJ,0,0,0,0,0,0,0,0,0,0,0,0,0,0,0
cj-fodrey,ATX,2,0,4,2,0,0,0,0,0,0,0,0,0,1,0
mamadou-fofana,NE,5,5,450,0,0,90,0,0,0,1,0,3,2,1,1
ajani-fortune,ATL,4,1,148,3,0,94.4,0,1,1,1,0.05,3,3,0,0
jimer-fory,POR,6,6,509,0,0,82.8,1,2,1,3,0.03,11,6,1,4
kobe-franklin,TOR,1,0,18,1,0,87.5,0,0,0,0,0,0,1,0,0
ian-fray,MIA,4,2,288,2,0,86.8,0,2,1,0,0.12,7,8,1,0
wayne-frederick,COL,3,1,84,2,0,82.9,0,0,0,0,0,3,0,0,1
matt-freese,NYC,6,6,540,0,0,76.9,0,0,0,0,0,0,0,0,1
stefan-frei,SEA,5,5,450,0,0,73.7,0,0,0,0,0,0,1,0,0
julian-gaines,NSH,1,0,10,1,0,100,0,0,0,0,0,0,0,0,0
jeffrey-gal,CHI,0,0,0,0,0,0,0,0,0,0,0,0,0,0,0
pedro-gallese,ORL,5,5,450,0,0,67.4,0,0,0,0,0,0,4,0,1
ignatius-ganago,NE,5,5,450,0,0,76.8,0,9,4,4,0.55,7,12,2,1
manu-garcia,SKC,6,5,495,1,0,81.4,1,7,2,11,0.45,4,7,1,0
luka-gavran,TOR,0,0,0,0,0,0,0,0,0,0,0,0,0,0,0
owen-gene,MIN,5,0,98,5,0,82.9,0,0,0,1,0,3,1,0,0
joran-gerbet,ORL,5,1,118,4,0,93.7,0,0,0,0,0,3,7,0,0
blake-gillingham,HOU,2,1,113,1,0,53.7,0,0,0,0,0,0,1,0,0
olivier-giroud,LAFC,3,1,114,2,0,80.8,0,2,2,0,0.4,1,1,1,0
justen-glad,RSL,6,6,540,0,0,89.3,0,2,0,4,0.21,5,3,0,1
omari-glasgow,CHI,5,1,147,4,0,73.1,0,2,1,1,0.21,3,3,0,0
jakob-glesnes,PHI,6,6,540,0,0,79.8,0,2,1,3,0.04,12,4,0,1
anibal-godoy,SD,5,5,391,0,0,92.4,1,4,2,0,0.22,5,6,0,2
antonio-gomez,ATX,0,0,0,0,0,0,0,0,0,0,0,0,0,0,0
yeimar-gomez-andrade,SEA,5,5,450,0,0,87.7,0,6,1,1,0.33,8,7,1,0
nicksoen-gomis,TOR,4,4,325,0,0,82.9,0,0,0,0,0,3,2,0,0
diego-gonzalez,HOU,0,0,0,0,0,0,0,0,0,0,0,0,0,0,0
omar-gonzalez,CHI,1,0,6,1,0,25,0,0,0,0,0,0,0,0,0
ashton-gordon,ATL,0,0,0,0,0,0,0,0,0,0,0,0,0,0,0
zavier-gozo,RSL,1,0,45,1,0,76.9,0,0,0,1,0,1,0,0,0
owen-graham-roache,MTL,0,0,0,0,0,0,0,0,0,0,0,0,0,0,0
tayvon-gray,NYC,1,1,8,0,0,75,0,0,0,0,0,0,0,0,0
stian-gregersen,ATL,5,5,428,0,0,85.6,0,3,0,0,0.52,9,7,0,1
julian-gressel,MIA,0,0,0,0,0,0,0,0,0,0,0,0,0,0,0
aleksandr-guboglo,MTL,5,4,359,1,0,85.7,0,2,1,2,0.2,4,9,0,0
gage-guerra,POR,0,0,0,0,0,0,0,0,0,0,0,0,0,0,0
colin-guske,ORL,0,0,0,0,0,0,0,0,0,0,0,0,0,0,0
brad-guzan,ATL,6,6,540,0,0,69.5,0,0,0,0,0,0,0,0,1
justin-haak,NYC,6,6,540,0,0,85,0,2,1,1,0.18,7,8,0,0
taha-habroune,CLB,1,0,6,1,0,66.7,0,0,0,0,0,0,1,0,0
alexander-hack,RBNY,5,5,394,0,0,77.1,0,5,3,2,0.64,5,0,0,1
teenage-hadebe,CIN,4,3,300,1,0,81.8,0,1,0,0,0.06,4,1,0,0
nick-hagglund,CIN,2,2,90,0,0,83.3,0,1,1,0,0.15,1,0,0,0
maren-haile-selassie,CHI,3,0,58,3,0,75,0,0,0,0,0,1,1,1,0
belal-halbouni,VAN,1,0,4,1,0,100,0,0,0,0,0,0,0,0,0
julian-hall,RBNY,4,1,82,3,0,69.2,0,2,1,1,0.52,2,0,0,0
michael-halliday-x8049,HOU,0,0,0,0,0,0,0,0,0,0,0,0,0,0,0
bret-halsey,CIN,1,0,32,1,0,71.4,0,0,0,1,0,0,0,0,0
nicolas-defreitas-hansen,COL,0,0,0,0,0,0,0,0,0,0,0,0,0,0,0
ian-harkes,SJ,6,6,505,0,0,86.1,0,6,4,6,0.26,13,6,0,1
cameron-harper,RBNY,2,2,135,0,0,81.7,0,4,0,1,0.28,0,2,0,0
nathan-harriel,PHI,3,2,205,1,0,81.4,0,2,0,1,0.4,2,6,0,0
alex-harris-x4940,COL,1,0,1,1,0,0,0,0,0,0,0,0,0,0,0
carlos-harvey,MIN,5,3,295,2,0,75.8,0,1,0,2,0.05,3,2,0,0
thomas-hasal,LAFC,1,1,90,0,0,69.2,0,0,0,0,0,0,0,0,0
stuart-hawkins,SEA,0,0,0,0,0,0,0,0,0,0,0,0,0,0,0
kobi-henry,RSL,3,0,39,3,0,66.7,0,1,0,0,0.02,0,1,0,0
fabian-herbers,MTL,4,3,203,1,0,75.6,0,4,0,3,0.25,4,4,0,1
ronald-hernandez,ATL,2,1,109,1,0,83,0,0,0,0,0,1,2,0,0
aaron-herrera,DC,6,6,483,0,0,81.7,1,4,2,10,0.23,6,3,0,3
andres-herrera,CLB,5,3,302,2,0,81.8,1,6,0,5,0.21,1,5,2,0
jayden-hibbert,ATL,0,0,0,0,0,0,0,0,0,0,0,0,0,0,0
bode-hidalgo,RSL,5,1,175,4,0,84.7,0,2,2,2,0.5,2,0,0,1
kyle-hiebert,STL,6,6,521,0,0,79.8,1,0,0,3,0,3,2,0,2
brendan-hines-ike,ATX,6,6,540,0,0,90.9,0,0,0,0,0,5,4,0,0
bongokuhle-hlongwane,MIN,6,6,537,0,0,77.2,1,8,3,4,1.64,13,10,1,0
odin-holm,LAFC,2,0,29,2,0,87.5,0,0,0,1,0,0,0,0,0
jannes-horn,STL,6,6,491,0,0,83.4,0,2,0,3,0.05,2,5,0,2
keegan-hughes,NE,1,0,1,1,0,0,0,0,0,0,0,0,0,0,0
dominik-iankov,MTL,2,0,10,2,0,100,0,1,0,2,0.06,0,2,0,0
sebastien-ibeagha,DAL,6,6,540,0,0,83.3,0,0,0,1,0,5,0,0,2
sunusi-ibrahim,MTL,5,0,45,5,0,88.9,0,7,1,2,1.72,1,0,0,0
lorenzo-insigne,TOR,2,2,180,0,0,83.1,1,3,0,2,0.27,0,3,1,0
aljaz-ivacic,NE,5,5,450,0,0,67.5,0,0,0,0,0,0,0,0,0
ousman-jabang,MTL,1,1,89,0,0,83.8,0,0,0,0,0,1,1,0,1
aziel-jackson,CLB,6,1,169,5,0,84.1,0,7,2,2,0.39,4,7,0,0
ian-james,SKC,0,0,0,0,0,0,0,0,0,0,0,0,0,0,0
robin-jansson,ORL,4,4,360,0,0,86,0,0,0,0,0,2,4,0,1
aiden-jarvis,RBNY,0,0,0,0,0,0,0,0,0,0,0,0,0,0,0
mohanad-jeahze,DC,0,0,0,0,0,0,0,0,0,0,0,0,0,0,0
danley-jean-jacques,PHI,5,5,420,0,0,81.6,0,4,1,3,0.4,6,2,0,0
sang-bin-jeong,MIN,5,1,148,4,0,65.8,0,3,1,3,0.84,3,2,0,1
igor-jesus,LAFC,6,5,429,1,0,88,0,3,0,2,0.2,5,7,0,1
stiven-jimenez,CIN,0,0,0,0,0,0,0,0,0,0,0,0,0,0,0
sean-johnson,TOR,6,6,540,0,0,68.3,0,0,0,0,0,0,1,0,0
derrick-jones,CLB,1,0,1,1,0,0,0,0,0,0,0,0,0,0,0
dejuan-jones,CLB,4,3,246,1,0,84.3,1,2,1,3,0.12,2,1,1,0
kim-joon-hong,DC,6,6,540,0,0,62.9,0,0,0,0,0,0,0,0,1
preston-judd,SJ,5,2,171,3,0,62.1,0,6,2,2,0.54,3,5,0,0
hoyeon-jung,MIN,0,0,0,0,0,0,0,0,0,0,0,0,0,0,0
sam-junqua,RSL,6,3,336,3,0,78.3,0,2,0,4,0.26,2,7,0,0
zanka,LA,5,4,375,1,0,89.9,1,0,0,1,0,3,0,0,0
kristijan-kahlina,CLT,6,6,540,0,0,77.7,0,0,0,0,0,0,0,0,0
bernard-kamungo,DAL,4,1,130,3,0,70.6,0,1,1,1,0.06,1,2,1,1
sean-karani,LA,0,0,0,0,0,0,0,0,0,0,0,0,0,0,0
alexandros-katranis,RSL,4,3,204,1,0,69.5,0,2,1,7,0.09,5,2,1,1
mark-anthony-kaye,SJ,6,1,175,5,0,79,1,1,0,2,0.05,5,4,0,1
henry-kessler,STL,6,6,540,0,0,91,1,2,0,3,0.11,7,6,1,1
kim-kee-hee,SEA,0,0,0,0,0,0,0,0,0,0,0,0,0,0,0
joao-klauss,STL,5,2,222,3,0,71.8,0,6,3,0,0.36,7,6,0,0
eric-klein,NE,0,0,0,0,0,0,0,0,0,0,0,0,0,0,0
mateusz-klich,ATL,4,2,164,2,0,89.6,0,0,0,2,0,2,1,0,1
zan-kolmanic,ATX,3,1,101,2,0,76.5,0,0,0,1,0,0,1,1,0
diego-konincks,CHI,0,0,0,0,0,0,0,0,0,0,0,0,0,0,0
stas-korzeniowski,PHI,0,0,0,0,0,0,0,0,0,0,0,0,0,0,0
sebastian-kowalczyk,HOU,6,6,515,0,0,89.6,0,2,0,1,0.09,8,15,0,1
damir-kreilach,VAN,1,0,3,1,0,0,0,0,0,0,0,0,1,0,0
willy-kumado,SD,6,2,227,4,0,89.3,0,1,0,1,0.01,1,2,1,1
luca-langoni,NE,5,4,318,1,0,83.3,0,2,0,2,0.04,4,4,1,2
stanislav-lapkes,CLB,0,0,0,0,0,0,0,0,0,0,0,0,0,0,0
lassi-lappalainen,CLB,0,0,0,0,0,0,0,0,0,0,0,0,0,0,0
oliver-larraz,COL,6,6,455,0,0,83.3,3,6,0,6,0.55,9,3,1,0
richie-laryea,TOR,2,2,112,0,0,74.3,0,0,0,0,0,1,3,0,0
ariel-lassiter,POR,5,2,152,3,0,92.1,0,4,1,0,0.22,0,3,0,0
randall-leal,DC,1,0,19,1,0,88,0,0,0,0,0,1,2,0,0
isaiah-leflore,PHI,0,0,0,0,0,0,0,0,0,0,0,0,0,0,0
tim-leibold,SKC,3,1,90,2,0,87.5,1,3,1,2,0.26,1,2,1,2
brooks-lennon,ATL,3,3,263,0,0,86.4,1,0,0,3,0,3,4,0,0
tucker-lepley,LA,4,3,238,1,0,87.6,0,4,3,3,0.21,0,6,0,0
danny-leyva,SEA,4,2,168,2,0,89.8,0,5,1,1,0.18,1,3,0,0
nick-lima,SJ,4,2,173,2,0,83.9,0,3,0,5,0.21,3,3,0,0
kyle-linhares,POR,0,0,0,0,0,0,0,0,0,0,0,0,0,0,0
sebastian-lletget,DAL,6,6,500,0,0,90.6,1,5,2,3,0.85,5,7,0,1
hugo-lloris,LAFC,5,5,450,0,0,69.8,0,0,0,0,0,0,0,0,0
saba-lobjanidze,ATL,6,6,484,0,0,79.1,3,14,3,12,1.56,1,2,2,0
robin-lod,MIN,5,4,354,1,0,83.3,2,5,2,9,0.23,6,10,1,0
jasper-loffelsend,SD,6,4,346,2,0,80.3,1,2,0,4,0.16,1,8,0,0
kevin-long,TOR,5,5,404,0,0,87.3,0,0,0,0,0,5,4,0,1
matty-longstaff,TOR,4,3,286,1,0,87.5,0,1,0,3,0.05,2,4,0,1
hernan-lopez,SJ,2,2,120,0,0,61.5,0,4,3,1,0.42,4,4,0,1
victor-loturi,MTL,6,4,365,2,0,85.7,0,2,1,1,0.23,7,6,0,2
evan-louro,CIN,0,0,0,0,0,0,0,0,0,0,0,0,0,0,0
daniel-lovitz,NSH,6,6,539,0,0,80.1,3,4,1,5,0.25,12,2,0,0
hirving-lozano,SD,3,2,137,1,0,81.3,1,7,2,3,1,5,2,0,1
gonzalo-lujan,MIA,4,3,301,1,0,87.2,0,0,0,1,0,1,1,0,0
ben-lundt,STL,3,3,270,0,0,67.4,0,0,0,0,0,0,1,0,0
liam-mackenzie-x1078,VAN,1,1,64,0,0,81.8,1,0,0,0,0,1,0,0,0
jack-maher,NSH,6,6,540,0,0,92.1,0,2,0,0,0.71,0,2,0,0
olwethu-makhanya,PHI,5,4,360,1,0,80.1,0,3,0,0,0.27,7,4,0,1
peter-mangione,CIN,0,0,0,0,0,0,0,0,0,0,0,0,0,0,0
jt-marcinkowski,LA,0,0,0,0,0,0,0,0,0,0,0,0,0,0,0
anthony-marcucci,RBNY,1,1,90,0,0,51.9,0,0,0,0,0,0,0,0,0
dominik-marczuk,RSL,4,4,255,0,0,67.1,2,6,1,2,0.54,0,5,1,0
paul-marie,SJ,0,0,0,0,0,0,0,0,0,0,0,0,0,0,0
anthony-markanich,MIN,6,4,390,2,0,63.9,0,3,1,3,0.21,9,4,2,0
jahkeele-marshall-rutty,MTL,5,2,227,3,0,76.6,0,3,1,0,0.14,2,4,0,1
hector-david-martinez,MIA,1,0,9,1,0,0,0,0,0,0,0,0,0,0,0
thiago-martins-bueno,NYC,5,4,375,1,0,86.1,0,1,0,0,0.01,2,1,0,0
jimmy-maurer,HOU,2,1,120,1,0,61.5,0,0,0,0,0,0,0,0,0
andreas-maxso,COL,4,4,360,0,0,86.3,0,2,0,1,0.15,1,2,1,0
olivier-mbaizo,PHI,2,1,92,1,0,67.9,0,0,0,0,0,2,0,0,1
kenji-mboma-dem,CIN,1,0,5,1,0,100,0,0,0,0,0,0,0,0,0
john-mccarthy,LA,3,3,270,0,0,52.2,0,0,0,0,0,0,0,0,0
jack-mcglynn,HOU,5,5,437,0,0,88.2,2,7,2,13,0.31,3,3,0,0
zac-mcgraw,POR,4,3,241,1,0,89.4,0,0,0,0,0,3,2,0,2
duncan-mcguire,ORL,3,0,29,3,0,81.8,0,4,0,3,0.53,0,0,0,0
paddy-mcnair,SD,5,5,415,0,0,93.3,0,5,2,2,0.41,2,3,1,0
adri-mehmeti,RBNY,0,0,0,0,0,0,0,0,0,0,0,0,0,0,0
jose-carlos-mercado,ORL,0,0,0,0,0,0,0,0,0,0,0,0,0,0,0
loic-mesanvi,MIN,1,0,5,1,0,75,0,0,0,0,0,0,0,0,0
wyatt-meyer,NSH,3,2,149,1,0,89,0,2,0,0,0.09,1,2,0,0
novak-micovic,LA,3,3,270,0,0,75.6,0,0,0,0,0,0,0,0,0
peyton-miller,NE,1,1,65,0,0,66.7,0,1,0,0,0.03,0,3,0,0
kamal-miller,POR,5,4,279,1,0,86.3,0,0,0,0,0,5,2,0,0
eric-miller,POR,5,2,270,3,0,76,0,0,0,2,0,2,0,0,0
harbor-miller,LA,3,2,155,1,0,85.5,0,1,0,2,0.17,5,4,1,1
jansen-miller,SKC,3,2,225,1,0,79,0,1,1,0,0.15,3,3,0,1
georgi-minoungou,SEA,6,3,263,3,0,80.2,2,9,2,8,0.62,5,5,2,0
joao-paulo,SEA,3,3,211,0,0,89.5,0,2,0,3,0.15,3,10,0,0
shakur-mohammed,ORL,0,0,0,0,0,0,0,0,0,0,0,0,0,0,0
peter-molinari,NYC,0,0,0,0,0,0,0,0,0,0,0,0,0,0,0
zane-monlouis,TOR,5,3,289,2,0,85.1,0,1,0,0,0.05,0,0,0,0
shaquell-moore,DAL,6,6,539,0,0,78.4,0,7,1,3,0.66,9,4,0,1
efrain-morales,ATL,0,0,0,0,0,0,0,0,0,0,0,0,0,0,0
santiago-morales,MIA,1,0,8,1,0,100,0,0,0,0,0,0,0,0,0
alfredo-morales,STL,6,1,179,5,0,79.8,0,1,0,1,0.1,2,1,0,1
maximiliano-moralez,NYC,6,6,497,0,0,81.7,1,6,2,8,0.43,7,13,2,1
steven-moreira,CLB,3,2,204,1,0,88.9,1,1,0,2,0.03,1,0,0,0
santiago-moreno,POR,4,3,305,1,0,79.3,2,6,2,5,0.72,5,6,0,0
lewis-morgan,RBNY,1,1,90,0,0,82.1,0,3,0,1,0.16,0,1,0,0
juan-mosquera,POR,2,1,104,1,0,76.8,0,2,0,2,0.33,0,1,0,0
cole-mrowka,CLB,1,0,24,1,0,88.5,0,1,1,1,0.04,1,1,0,0
daniel-munie,SJ,1,0,17,1,0,66.7,0,0,0,0,0,1,0,0,0
ian-murphy,COL,5,4,359,1,0,84.5,0,1,1,1,0.01,2,1,0,0
trey-muse,POR,0,0,0,0,0,0,0,0,0,0,0,0,0,0,0
danny-musovski,SEA,4,1,130,3,0,82.3,0,4,2,1,0.86,3,3,3,0
tristan-muyumba,ATL,4,3,225,1,0,92.6,0,4,2,3,0.7,3,1,0,1
darlington-nagbe,CLB,6,6,516,0,0,92.5,0,2,1,3,0.1,4,14,0,0
matheus-nascimento,LA,3,0,45,3,0,71.4,0,0,0,1,0,1,0,0,0
logan-ndenbe,SKC,6,5,450,1,0,79.7,0,4,0,4,0.2,4,8,2,1
dylan-nealis,RBNY,5,4,391,1,0,81.2,0,4,1,3,0.2,3,4,0,0
sean-nealis,RBNY,6,6,540,0,0,92.4,0,1,0,1,0.11,6,0,0,2
john-nelson,LA,3,3,220,0,0,89.7,0,0,0,0,0,2,0,0,0
,ATL,0,0,0,0,0,0,0,0,0,0,0,0,0,0,0
enzo-newman,DAL,0,0,0,0,0,0,0,0,0,0,0,0,0,0,0
jean-claude-ngando,VAN,5,3,353,2,0,83.1,1,4,1,7,0.55,5,5,1,1
serge-ngoma,RBNY,3,0,71,3,0,81.3,0,3,1,2,0.14,4,3,1,1
kenneth-nielsen,LAFC,0,0,0,0,0,0,0,0,0,0,0,0,0,0,0
joakim-nilsson,STL,3,1,66,2,0,89.5,0,0,0,0,0,1,0,0,0
nolan-norris,DAL,1,1,75,0,0,69.2,0,0,0,1,0,3,0,0,0
tsiki-ntsabeleng,DAL,6,0,153,6,0,85.7,0,5,1,2,0.29,0,2,0,0
obinna-nwobodo,CIN,6,5,416,1,0,87.3,0,1,0,2,0.06,5,5,0,3
ethan-o-brien,NSH,0,0,0,0,0,0,0,0,0,0,0,0,0,0,0
mark-o-neill,VAN,0,0,0,0,0,0,0,0,0,0,0,0,0,0,0
kevin-o-toole,NYC,5,5,425,0,0,86,0,0,0,3,0,7,1,1,1
jader-obrian,ATX,6,2,197,4,0,77.4,0,5,1,1,0.76,2,7,2,2
edier-ocampo,VAN,5,2,253,3,0,84.5,0,7,1,2,0.37,4,8,0,2
david-ochoa,LAFC,0,0,0,0,0,0,0,0,0,0,0,0,0,0,0
agustin-ojeda,NYC,6,1,183,5,0,84.8,0,3,0,2,0.15,1,3,1,0
braian-ojeda,RSL,6,6,488,0,0,89.2,0,4,2,0,0.31,11,15,0,1
christian-olivares,STL,0,0,0,0,0,0,0,0,0,0,0,0,0,0,0
christopher-olney-jr,PHI,0,0,0,0,0,0,0,0,0,0,0,0,0,0,0
wyatt-omsberg,NE,1,1,37,0,0,66.7,0,0,0,0,0,0,0,0,0
kwadwo-opoku,MTL,4,2,132,2,0,76.9,0,1,1,0,0.09,0,3,0,1
sergio-oregel,CHI,6,6,509,0,0,88.9,1,2,0,2,0.09,7,7,0,1
luca-orellano,CIN,4,4,330,0,0,79.3,0,17,9,2,0.9,1,7,0,0
julio-ortiz,POR,5,3,197,2,0,90.3,0,1,0,0,0.01,4,1,0,1
harold-osorio,CHI,1,0,1,1,0,0,0,0,0,0,0,0,0,0,0
tomas-ostrak,STL,2,0,45,2,0,94.6,0,2,0,3,0.33,0,0,0,0
javier-otero,ORL,1,1,90,0,0,76.5,0,0,0,0,0,0,0,0,1
devin-padelford,MIN,1,0,1,1,0,100,0,0,0,0,0,0,0,0,0
maarten-paes,DAL,5,5,450,0,0,69.1,0,0,0,0,0,0,1,0,0
joseph-paintsil,LA,1,0,30,1,0,100,0,0,0,1,0,0,0,0,0
nelson-palacio,RSL,3,2,178,1,0,86.7,0,1,0,0,0.06,3,1,0,0
jeisson-palacios,NSH,0,0,0,0,0,0,0,0,0,0,0,0,0,0,0
sergi-palencia,LAFC,6,6,455,0,0,83.3,1,1,0,3,0.04,7,6,0,1
jack-panayotou,NE,0,0,0,0,0,0,0,0,0,0,0,0,0,0,0
james-pantemis,POR,5,5,450,0,0,80.9,0,0,0,0,0,0,0,0,0
cristhian-paredes,POR,4,0,50,4,0,80,0,0,0,2,0,1,4,0,1
isaiah-parente-x3562,LA,5,3,308,2,0,93.7,0,4,0,4,0.09,3,6,0,1
nicholas-pariano,PHI,0,0,0,0,0,0,0,0,0,0,0,0,0,0,0
tim-parker,RBNY,1,0,1,1,0,0,0,0,0,0,0,0,0,0,0
keaton-parks,NYC,6,6,479,0,0,86.5,0,3,3,3,0.45,10,3,0,2
tom-pearce,MTL,3,2,183,1,0,74.3,1,2,1,2,0.1,3,1,0,0
joao-peglow,DC,4,4,318,0,0,81.3,2,3,0,8,0.4,8,2,0,2
amahl-pellegrino,SJ,4,1,126,3,0,78.6,0,6,0,3,0.55,0,1,2,0
matti-peltola,DC,4,1,153,3,0,90.5,1,1,0,1,0.02,5,2,0,0
andres-perea,NYC,2,0,42,2,0,82.3,0,0,0,1,0,1,0,0,0
daniel-pereira,ATX,6,5,458,1,0,90.6,0,4,1,4,0.22,12,6,0,2
joaquin-pereyra,MIN,6,5,374,1,0,77.4,2,10,4,11,0.58,10,5,1,1
nikola-petkovic,CLT,0,0,0,0,0,0,0,0,0,0,0,0,0,0,0
luca-petrasso,MTL,6,6,534,0,0,81.7,1,2,0,5,0.19,1,3,0,1
raoul-petretta,TOR,3,2,174,1,0,74.7,0,0,0,0,0,2,3,1,1
neil-pierre,PHI,0,0,0,0,0,0,0,0,0,0,0,0,0,0,0
samuel-piette,MTL,3,2,184,1,0,89.6,0,0,0,2,0,2,0,0,0
ian-pilcher,SD,4,1,120,3,0,91.9,0,0,0,0,0,3,1,0,1
mauricio-pineda,CHI,6,3,357,3,0,92.4,0,2,1,2,0.21,6,6,0,1
gabriel-pirani,DC,6,6,495,0,0,83.2,1,10,3,6,1.23,1,13,1,0
matt-polster,NE,2,2,166,0,0,90.3,0,1,0,0,0.02,5,0,0,0
celio-pompeu,STL,3,0,49,3,0,58.6,0,2,0,0,0.09,1,2,0,0
alvas-powell,CIN,5,2,215,3,0,84.9,0,1,1,1,0.17,3,2,1,1
owen-presthus,CLB,0,0,0,0,0,0,0,0,0,0,0,0,0,0,0
ralph-priso,VAN,4,1,135,3,0,90.1,0,0,0,1,0,8,0,0,0
andrew-privett,CLT,5,5,434,0,0,85.6,0,0,0,0,0,4,1,0,0
,CLB,0,0,0,0,0,0,0,0,0,0,0,0,0,0,0
john-pulskamp,SKC,6,6,540,0,0,56.7,0,0,0,0,0,0,1,0,1
philip-quinton,RSL,5,5,362,0,0,88.2,0,2,1,0,0.06,2,2,0,1
nemanja-radoja,SKC,5,4,394,1,0,87.4,0,2,0,1,0.22,6,8,0,3
jeremy-rafanello,PHI,1,0,19,1,0,100,0,0,0,0,0,1,0,0,0
jackson-ragen,SEA,6,5,471,1,0,93.4,0,3,1,4,0.61,3,3,0,2
brooklyn-raines,HOU,1,0,9,1,0,100,0,0,0,0,0,0,0,0,0
anthony-ramirez,DAL,0,0,0,0,0,0,0,0,0,0,0,0,0,0,0
ruben-ramos,LA,1,0,18,1,0,100,0,1,1,0,0.19,0,0,0,0
,MIN,0,0,0,0,0,0,0,0,0,0,0,0,0,0,0
alex-rando,NYC,0,0,0,0,0,0,0,0,0,0,0,0,0,0,0
greg-ranjitsingh,NYC,0,0,0,0,0,0,0,0,0,0,0,0,0,0,0
tim-ream,CLT,5,5,450,0,0,85.8,0,0,0,1,0,3,1,0,0
federico-redondo,MIA,5,1,179,4,0,87.7,0,1,0,0,0.16,4,1,0,1
,NYC,1,0,17,1,0,50,0,0,0,0,0,1,1,0,0
will-reilly,ATL,2,1,91,1,0,82.7,0,0,0,3,0,1,6,0,1
marco-reus,LA,3,2,174,1,0,93.1,0,5,3,5,0.36,0,2,0,0
justin-reynolds,CHI,1,0,45,1,0,92.3,0,0,0,0,0,1,1,0,0
andrew-rick,PHI,1,1,90,0,0,61.1,0,0,0,0,0,0,0,0,1
rocco-rios-novo,MIA,2,1,139,1,0,78.3,0,0,0,0,0,0,0,0,0
birk-risa,NYC,5,3,337,2,0,85.3,0,1,0,0,0.07,3,4,0,0
kayne-rizvanovich,MIN,0,0,0,0,0,0,0,0,0,0,0,0,0,0,0
reid-roberts,SJ,2,1,99,1,0,82,0,0,0,0,0,3,0,0,0
miles-robinson,CIN,5,5,379,0,0,89.2,0,1,0,0,0.09,4,1,0,0
memo-rodriguez,SKC,5,2,240,3,0,84.4,0,3,1,3,0.17,8,7,0,1
nicolas-rodriguez,ORL,1,0,10,1,0,85.7,0,0,0,0,0,0,0,0,0
samuel-rogers,CHI,5,5,450,0,0,93.3,0,0,0,0,0,5,0,0,1
andy-rojas-x3721,RBNY,0,0,0,0,0,0,0,0,0,0,0,0,0,0,0
alex-roldan,SEA,5,4,380,1,0,87,0,6,3,6,0.45,4,11,1,1
tomas-romero,NYC,0,0,0,0,0,0,0,0,0,0,0,0,0,0,0
nicolas-romero,MIN,3,2,183,1,0,55.6,0,2,0,0,0.19,5,3,0,1
dave-romney,SJ,6,6,540,0,0,86.7,0,2,1,2,0.17,3,1,0,0
connor-ronan,COL,3,0,71,3,0,80.6,0,0,0,0,0,3,1,0,0
anderson-rosa,COL,2,0,22,2,0,84.6,0,0,0,0,0,0,0,0,0
joseph-rosales,MIN,3,2,146,1,0,72,0,3,1,1,0.14,2,0,0,0
tanner-rosborough,RBNY,0,0,0,0,0,0,0,0,0,0,0,0,0,0,0
dany-rosero,SKC,3,2,153,1,0,87.4,0,2,1,0,0.34,2,1,0,1
kye-rowles,DC,5,5,450,0,0,85.6,0,1,1,0,0.41,6,3,0,3
diego-rubio,ATX,5,1,95,4,0,90.6,1,3,1,4,0.58,3,2,0,0
david-ruiz,MIA,3,1,73,2,0,81.8,0,1,0,0,0.33,1,2,0,0
pablo-ruiz,RSL,4,2,163,2,0,82.4,0,7,3,8,0.31,4,0,0,2
cesar-ruvalcaba,CLB,2,2,139,0,0,90,0,1,0,0,0.02,2,0,0,0
emmanuel-sabbi,VAN,2,0,55,2,0,90,0,2,1,0,0.28,0,0,0,0
besard-sabovic,ATX,6,3,295,3,0,84.1,1,4,1,5,0.19,9,9,0,2
anisse-saidi,SD,1,0,9,1,0,0,0,0,0,0,0,1,0,0,0
adam-saldana,LAFC,1,1,90,0,0,100,0,0,0,0,0,2,2,0,0
lucas-sanabria,LA,2,2,138,0,0,85.4,0,0,0,0,0,1,2,0,0
ilie-sanchez,ATX,6,5,411,1,0,82.7,0,2,0,2,0.1,4,3,0,2
cooper-sanchez,ATL,0,0,0,0,0,0,0,0,0,0,0,0,0,0,0
william-sands,NE,4,2,207,2,0,77.3,0,1,0,2,0.03,6,5,0,1
marlon-santos,LAFC,3,2,160,1,0,92,0,0,0,1,0,1,1,0,0
sergio-santos,CIN,4,2,164,2,0,78.6,0,1,0,3,0.12,5,9,1,0
rafael-santos,ORL,6,5,424,1,0,73.9,0,5,2,5,0.38,1,2,0,1
nicholas-scardina,CLT,0,0,0,0,0,0,0,0,0,0,0,0,0,0,0
ryan-schewe,SKC,0,0,0,0,0,0,0,0,0,0,0,0,0,0,0
rodrigo-schlegel,ORL,6,6,540,0,0,87.5,0,3,0,0,0.17,4,3,0,0
david-schnegg,DC,6,6,529,0,0,72.8,1,1,0,10,0.41,17,4,0,3
patrick-schulte,CLB,5,5,450,0,0,78,0,0,0,1,0,0,0,0,1
brian-schwake,NSH,0,0,0,0,0,0,0,0,0,0,0,0,0,0,0
tarik-scott,DAL,0,0,0,0,0,0,0,0,0,0,0,0,0,0,0
gabriel-segal,HOU,3,0,20,3,0,80,0,3,0,0,0.22,2,0,0,0
eddie-segura,LAFC,5,3,298,2,0,93,0,0,0,0,0,4,1,0,1
amar-sejdic,CLB,0,0,0,0,0,0,0,0,0,0,0,0,0,0,0
oliver-semmle,PHI,0,0,0,0,0,0,0,0,0,0,0,0,0,0,0
brandon-servania-x3028,DC,4,2,180,2,0,88.1,0,1,0,1,0.03,7,4,0,0
nykolas-sessock,ATL,0,0,0,0,0,0,0,0,0,0,0,0,0,0,0
jacob-shaffelburg,NSH,2,0,39,2,0,75,0,0,0,0,0,3,0,0,0
samuel-shashoua,MIN,2,0,41,2,0,97.1,0,1,1,2,0.03,0,0,0,0
khiry-shelton,SKC,3,1,96,2,0,84.2,0,2,1,0,0.14,1,0,0,0
jonathan-shore,NYC,5,3,345,2,0,86.1,0,3,0,2,0.16,7,1,0,1
xande-silva,ATL,5,1,141,4,0,85.5,1,2,0,5,0.04,7,4,1,0
adem-sipic,NSH,0,0,0,0,0,0,0,0,0,0,0,0,0,0,0
jonathan-sirois,MTL,6,6,540,0,0,77.2,0,0,0,0,0,0,0,0,0
pablo-sisniega,SD,0,0,0,0,0,0,0,0,0,0,0,0,0,0,0
jack-skahan,SJ,1,0,6,1,0,0,0,2,0,0,0.26,1,0,0,0
bartosz-slisz,ATL,5,5,399,0,0,90.3,0,2,1,5,0.18,7,4,0,1
tyger-smalls,CLT,1,0,24,1,0,83.3,0,0,0,0,0,1,2,0,0
alec-smir,MIN,1,1,90,0,0,47.6,0,0,0,0,0,0,0,0,0
kyle-smith,ORL,4,2,181,2,0,80.7,1,0,0,3,0,0,0,0,0
ian-smith-x6353,POR,5,2,231,3,0,89.9,0,0,0,1,0,0,3,0,0
brad-smith,CIN,2,0,49,2,0,68,0,0,0,0,0,0,0,0,0
travian-sousa,SEA,0,0,0,0,0,0,0,0,0,0,0,0,0,0,0
tyrese-spicer,TOR,4,2,197,2,0,81.5,0,1,1,3,0.05,2,3,2,0
dayne-st-clair,MIN,5,5,450,0,0,48.6,0,0,0,0,0,0,1,0,1
mason-stajduhar,RSL,0,0,0,0,0,0,0,0,0,0,0,0,0,0,0
lazar-stefanovic,TOR,2,0,62,2,0,90.2,0,0,0,0,0,0,0,0,0
zack-steffen,COL,5,5,450,0,0,51.8,0,0,0,0,0,0,1,0,2
daniel-steres,HOU,6,2,304,4,0,85.6,0,1,0,0,0.03,5,0,1,2
kimani-stewart-baynes,COL,1,0,2,1,0,100,0,0,0,0,0,0,0,0,0
peter-stroud,RBNY,6,6,432,0,0,86.3,2,4,0,5,0.19,3,8,0,1
jared-stroud,DC,5,5,363,0,0,75.2,0,7,1,7,0.93,6,0,1,0
brad-stuver,ATX,6,6,540,0,0,61.9,0,0,0,0,0,0,2,0,1
shapi-suleymanov,SKC,6,5,415,1,0,86.9,2,9,1,5,1.06,3,18,0,0
quinn-sullivan,PHI,6,6,514,0,0,73.1,4,16,4,15,1.97,7,8,0,0
cavan-sullivan,PHI,1,0,8,1,0,83.3,0,0,0,0,0,0,0,0,0
michael-sullivan,TOR,0,0,0,0,0,0,0,0,0,0,0,0,0,0,0
finn-surman,POR,6,6,516,0,0,90.8,0,2,1,0,0.25,5,2,0,0
oleksandr-svatok,ATX,4,3,308,1,0,86.2,0,1,0,2,0.15,3,1,0,1
erik-sviatchenko,HOU,3,1,96,2,0,76.2,0,0,0,0,0,3,1,0,0
nkosi-tafari,LAFC,6,4,347,2,0,88.3,0,1,0,1,0.05,4,1,0,1
edvard-tagseth,NSH,6,6,539,0,0,87.8,2,4,1,8,0.18,11,2,1,2
zakaria-taifi,ORL,0,0,0,0,0,0,0,0,0,0,0,0,0,0,0
yohei-takaoka,VAN,6,6,540,0,0,84.3,0,0,0,0,0,0,2,0,0
strahinja-tanasijevic,NYC,3,2,144,1,0,91.6,0,0,0,0,0,3,1,0,1
andrew-tarbell,HOU,4,4,307,0,0,69.8,0,0,0,0,0,0,0,0,0
iuri-tavares,CLT,2,0,15,2,0,60,0,1,0,0,0.11,1,0,0,0
dj-taylor,MIN,0,0,0,0,0,0,0,0,0,0,0,0,0,0,0
carlos-teran,CHI,2,1,93,1,0,93,0,0,0,0,0,2,0,0,0
jamal-thiare,ATL,1,0,18,1,0,100,0,1,1,0,0.04,0,0,0,0
andrew-thomas,SEA,1,1,90,0,0,66.7,0,0,0,0,0,0,0,0,0
riley-thomas,ATX,0,0,0,0,0,0,0,0,0,0,0,0,0,0,0
kosi-thompson,TOR,4,2,262,2,0,81.1,0,1,1,0,0.04,2,1,0,1
timothy-tillman,LAFC,5,5,449,0,0,89.8,0,5,1,11,0.27,10,14,0,1
cayman-togashi,ATL,2,0,63,2,0,84.6,1,1,0,0,0.06,2,1,0,0
idan-toklomati,CLT,6,1,150,5,0,92.6,1,7,1,4,0.95,2,0,0,0
nouhou,SEA,4,4,336,0,0,90.4,0,6,2,2,0.24,7,8,0,2
tomas-totland,STL,4,4,337,0,0,74.2,0,3,0,3,0.96,1,1,1,0
mason-toye,SKC,1,0,18,1,0,71.4,0,0,0,0,0,0,0,0,0
wil-trapp,MIN,6,5,464,1,0,80.3,0,0,0,3,0,4,3,2,0
niko-tsakiris,SJ,2,0,10,2,0,90.9,0,0,0,0,0,0,1,0,0
garrison-tubbs,DC,0,0,0,0,0,0,0,0,0,0,0,0,0,0,0
bill-tuiloma,CLT,0,0,0,0,0,0,0,0,0,0,0,0,0,0,0
gavin-turner,DC,0,0,0,0,0,0,0,0,0,0,0,0,0,0,0
jeppe-tverskov,SD,6,6,540,0,0,91.8,1,3,1,7,0.3,8,5,0,2
osaze-urhoghide,DAL,6,6,540,0,0,89.9,1,3,2,0,0.27,8,9,0,1
maximiliano-urruti,NE,4,2,243,2,0,80,0,4,2,3,0.16,4,4,4,0
junior-urso,HOU,2,1,107,1,0,95.7,0,1,0,0,0.05,1,2,0,1
oscar-ustari,MIA,4,4,304,0,0,83.8,0,0,0,0,0,1,2,0,0
bjorn-inge-utvik,VAN,2,1,87,1,0,92.5,0,0,0,0,0,0,0,0,0
leo-vaisanen,ATX,0,0,0,0,0,0,0,0,0,0,0,0,0,0,0
omar-valencia-x6118,RBNY,3,3,205,0,0,88.7,1,1,0,4,0.24,4,4,0,2
gerardo-valenzuela,CIN,2,0,9,2,0,75,0,1,0,0,0.05,1,2,0,0
nicolas-van-rijn,ATX,0,0,0,0,0,0,0,0,0,0,0,0,0,0,0
obed-vargas,SEA,4,4,360,0,0,90.6,0,4,2,4,0.34,6,6,1,1
indiana-vassilev,PHI,5,1,184,4,0,89,1,4,1,3,0.14,4,6,0,0
david-vazquez,PHI,0,0,0,0,0,0,0,0,0,0,0,0,0,0,0
brayan-vera,RSL,5,3,313,2,0,83.4,0,6,2,2,1.06,3,1,0,1
oscar-verhoeven,SJ,0,0,0,0,0,0,0,0,0,0,0,0,0,0,0
ranko-veselinovic,VAN,6,6,540,0,0,94.9,0,5,1,1,0.47,1,1,0,0
jules-anthony-vilsaint,MTL,3,1,104,2,0,81.3,0,1,0,1,0.02,2,4,1,0
robert-voloder,SKC,4,4,360,0,0,90.8,0,0,0,0,0,2,3,0,0
kai-wagner,PHI,5,5,450,0,0,75.3,4,2,2,9,0.08,7,8,0,1
conrad-wallem,STL,6,5,429,1,0,80.4,0,7,2,2,0.55,9,9,1,1
taylor-washington,NSH,0,0,0,0,0,0,0,0,0,0,0,0,0,0,0
joel-waterman,MTL,5,5,450,0,0,89,0,1,0,3,0.08,6,8,1,1
akil-watts,STL,6,4,403,2,0,69.9,0,6,2,2,0.22,7,8,0,1
marcelo-weigandt,MIA,1,1,45,0,0,100,0,0,0,0,0,1,0,0,0
michael-wentzel,STL,0,0,0,0,0,0,0,0,0,0,0,0,0,0,0
francis-westfield,PHI,5,5,422,0,0,72.5,2,3,0,3,0.11,4,6,1,0
adrian-wibowo,LAFC,1,0,15,1,0,100,0,0,0,0,0,2,0,0,0
derrick-williams,ATL,6,5,455,1,0,88.2,0,2,0,0,0.54,5,4,0,0
thomas-williams-x7014,ORL,0,0,0,0,0,0,0,0,0,0,0,0,0,0,0
,CHI,5,3,235,2,0,85.6,0,1,0,0,0.06,1,4,0,0
eryk-williamson,CLT,5,1,116,4,0,86.4,0,0,0,4,0,1,3,0,0
joe-willis,NSH,6,6,540,0,0,76.8,0,0,0,0,0,0,0,0,0
bruno-wilson,SJ,6,6,540,0,0,89.5,0,4,1,0,0.88,3,3,0,0
henry-wingo,TOR,4,4,225,0,0,84,0,0,0,0,0,4,0,1,0
owen-wolff,ATX,6,6,501,0,0,82.2,3,7,0,11,0.56,8,7,0,0
tyler-wolff,RSL,4,1,188,3,0,70.5,0,2,1,2,0.21,3,3,1,0
elijah-wynder,LA,4,2,195,2,0,80.9,1,1,0,2,0.04,3,4,0,1
miki-yamane,LA,4,3,296,1,0,85,2,1,0,6,0.04,3,2,1,1
darren-yapi,COL,2,0,15,2,0,66.7,0,2,1,0,0.21,1,0,1,0
alexdaouda-amadou,COL,0,0,0,0,0,0,0,0,0,0,0,0,0,0,0
max-anchor,VAN,0,0,0,0,0,0,0,0,0,0,0,0,0,0,0
markus-anderson,PHI,0,0,0,0,0,0,0,0,0,0,0,0,0,0,0
sebastian-anderson,COL,0,0,0,0,0,0,0,0,0,0,0,0,0,0,0
owen-anderson,RSL,0,0,0,0,0,0,0,0,0,0,0,0,0,0,0
marco-angulo,CIN,0,0,0,0,0,0,0,0,0,0,0,0,0,0,0
stephen-annor-gyamfi,HOU,0,0,0,0,0,0,0,0,0,0,0,0,0,0,0
william-antley,DC,0,0,0,0,0,0,0,0,0,0,0,0,0,0,0
tah-brian-anunga,NSH,0,0,0,0,0,0,0,0,0,0,0,0,0,0,0
,MIA,0,0,0,0,0,0,0,0,0,0,0,0,0,0,0
cristian-arango,RSL,0,0,0,0,0,0,0,0,0,0,0,0,0,0,0
miguel-araujo,POR,0,0,0,0,0,0,0,0,0,0,0,0,0,0,0
allan-arigoni,CHI,0,0,0,0,0,0,0,0,0,0,0,0,0,0,0
stuart-armstrong,VAN,0,0,0,0,0,0,0,0,0,0,0,0,0,0,0
paul-arriola,DAL,0,0,0,0,0,0,0,0,0,0,0,0,0,0,0
jacob-arroyave,NYC,0,0,0,0,0,0,0,0,0,0,0,0,0,0,0
yamil-asad,CIN,0,0,0,0,0,0,0,0,0,0,0,0,0,0,0
josh-atencio,SEA,0,0,0,0,0,0,0,0,0,0,0,0,0,0,0
eduard-atuesta,LAFC,0,0,0,0,0,0,0,0,0,0,0,0,0,0,0
alvaro-augusto,DAL,0,0,0,0,0,0,0,0,0,0,0,0,0,0,0
hassan-ayari,TOR,0,0,0,0,0,0,0,0,0,0,0,0,0,0,0
michael-baldisimo,SJ,0,0,0,0,0,0,0,0,0,0,0,0,0,0,0
damien-barker-john,NSH,0,0,0,0,0,0,0,0,0,0,0,0,0,0,0
luis-barraza,NYC,0,0,0,0,0,0,0,0,0,0,0,0,0,0,0
alvaro-barreal,CIN,0,0,0,0,0,0,0,0,0,0,0,0,0,0,0
jesus-baitz,TOR,0,0,0,0,0,0,0,0,0,0,0,0,0,0,0
tanner-beason,SJ,0,0,0,0,0,0,0,0,0,0,0,0,0,0,0
gavin-beavers,RSL,0,0,0,0,0,0,0,0,0,0,0,0,0,0,0
matthew-bell,RSL,0,0,0,0,0,0,0,0,0,0,0,0,0,0,0
nico-benalcazar,CIN,0,0,0,0,0,0,0,0,0,0,0,0,0,0,0
joe-bendik,VAN,0,0,0,0,0,0,0,0,0,0,0,0,0,0,0
nimfasha-berchimas,CLT,0,0,0,0,0,0,0,0,0,0,0,0,0,0,0
edward-berumen,LAFC,0,0,0,0,0,0,0,0,0,0,0,0,0,0,0
aaron-bibout,LA,0,0,0,0,0,0,0,0,0,0,0,0,0,0,0
mikolaj-bieganski,SJ,0,0,0,0,0,0,0,0,0,0,0,0,0,0,0
alessandro-biello,MTL,0,0,0,0,0,0,0,0,0,0,0,0,0,0,0
steven-birnbaum,DC,0,0,0,0,0,0,0,0,0,0,0,0,0,0,0
barzee-blama,CLT,0,0,0,0,0,0,0,0,0,0,0,0,0,0,0
njabulo-blom,STL,0,0,0,0,0,0,0,0,0,0,0,0,0,0,0
emmanuel-boateng,NE,0,0,0,0,0,0,0,0,0,0,0,0,0,0,0
israel-boatwright,MIA,0,0,0,0,0,0,0,0,0,0,0,0,0,0,0
mateusz-bogusz,LAFC,0,0,0,0,0,0,0,0,0,0,0,0,0,0,0
dean-boltz,CHI,0,0,0,0,0,0,0,0,0,0,0,0,0,0,0
luca-bombino,LAFC,0,0,0,0,0,0,0,0,0,0,0,0,0,0,0
kevin-bonilla,RSL,0,0,0,0,0,0,0,0,0,0,0,0,0,0,0
blake-bowen,NSH,0,0,0,0,0,0,0,0,0,0,0,0,0,0,0
tyler-boyd,NSH,0,0,0,0,0,0,0,0,0,0,0,0,0,0,0
alejandro-bran,MIN,0,0,0,0,0,0,0,0,0,0,0,0,0,0,0
ethan-bristow,MIN,0,0,0,0,0,0,0,0,0,0,0,0,0,0,0
andrew-brody,RSL,0,0,0,0,0,0,0,0,0,0,0,0,0,0,0
gaston-brugman,LA,0,0,0,0,0,0,0,0,0,0,0,0,0,0,0
snyder-brunell,SEA,0,0,0,0,0,0,0,0,0,0,0,0,0,0,0
heine-bruseth,ORL,0,0,0,0,0,0,0,0,0,0,0,0,0,0,0
leo-burney,SEA,0,0,0,0,0,0,0,0,0,0,0,0,0,0,0
micah-burton,ATX,0,0,0,0,0,0,0,0,0,0,0,0,0,0,0
deiber-caicedo,VAN,0,0,0,0,0,0,0,0,0,0,0,0,0,0,0
noel-caliskan,RSL,0,0,0,0,0,0,0,0,0,0,0,0,0,0,0
rudy-camacho,CLB,0,0,0,0,0,0,0,0,0,0,0,0,0,0,0
brandon-cambridge,CLT,0,0,0,0,0,0,0,0,0,0,0,0,0,0,0
omar-campos,LAFC,0,0,0,0,0,0,0,0,0,0,0,0,0,0,0
alan-carleton,ATL,0,0,0,0,0,0,0,0,0,0,0,0,0,0,0
ryan-carmichael,MIA,0,0,0,0,0,0,0,0,0,0,0,0,0,0,0
kevin-carmichael,NSH,0,0,0,0,0,0,0,0,0,0,0,0,0,0,0
adalberto-carrasquilla,HOU,0,0,0,0,0,0,0,0,0,0,0,0,0,0,0
wilder-cartagena,ORL,0,0,0,0,0,0,0,0,0,0,0,0,0,0,0
jose-casas-de-abadal,MIA,0,0,0,0,0,0,0,0,0,0,0,0,0,0,0
javier-casas,CHI,0,0,0,0,0,0,0,0,0,0,0,0,0,0,0
robert-castellanos,SKC,0,0,0,0,0,0,0,0,0,0,0,0,0,0,0
daniel-chacon,COL,0,0,0,0,0,0,0,0,0,0,0,0,0,0,0
tomas-chancalay,NE,0,0,0,0,0,0,0,0,0,0,0,0,0,0,0
leonardo-alves-chu-franco,SEA,0,0,0,0,0,0,0,0,0,0,0,0,0,0,0
fernando-ciceron,NSH,0,0,0,0,0,0,0,0,0,0,0,0,0,0,0
ozzie-cisneros,SKC,0,0,0,0,0,0,0,0,0,0,0,0,0,0,0
mohamed-cisset,DAL,0,0,0,0,0,0,0,0,0,0,0,0,0,0,0
tyler-clegg,POR,0,0,0,0,0,0,0,0,0,0,0,0,0,0,0
matias-coccaro,MTL,0,0,0,0,0,0,0,0,0,0,0,0,0,0,0
chance-cowell,SJ,0,0,0,0,0,0,0,0,0,0,0,0,0,0,0
matt-crooks,RSL,0,0,0,0,0,0,0,0,0,0,0,0,0,0,0
sebastian-cruz,SKC,0,0,0,0,0,0,0,0,0,0,0,0,0,0,0
mauricio-cuevas,LA,0,0,0,0,0,0,0,0,0,0,0,0,0,0,0
rafael-czichos,CHI,0,0,0,0,0,0,0,0,0,0,0,0,0,0,0
evander,POR,0,0,0,0,0,0,0,0,0,0,0,0,0,0,0
amir-daley,CIN,0,0,0,0,0,0,0,0,0,0,0,0,0,0,0
nick-dang,RSL,0,0,0,0,0,0,0,0,0,0,0,0,0,0,0
sean-davis,NSH,0,0,0,0,0,0,0,0,0,0,0,0,0,0,0
sean-davis,LA,0,0,0,0,0,0,0,0,0,0,0,0,0,0,0
edward-davis,PHI,0,0,0,0,0,0,0,0,0,0,0,0,0,0,0
giorgio-de-libera,CLB,0,0,0,0,0,0,0,0,0,0,0,0,0,0,0
adisa-de-rosario,TOR,0,0,0,0,0,0,0,0,0,0,0,0,0,0,0
osaze-de-rosario-x9177,SEA,0,0,0,0,0,0,0,0,0,0,0,0,0,0,0
marky-delgado,LA,0,0,0,0,0,0,0,0,0,0,0,0,0,0,0
fernando-delgado,RSL,0,0,0,0,0,0,0,0,0,0,0,0,0,0,0
lorenzo-dellavalle,LAFC,0,0,0,0,0,0,0,0,0,0,0,0,0,0,0
marcos-domingos-dias,NE,0,0,0,0,0,0,0,0,0,0,0,0,0,0,0
carlos-joaquim-antunes-dos-santos,MIA,0,0,0,0,0,0,0,0,0,0,0,0,0,0,0
micael-dos-santos-silva,HOU,0,0,0,0,0,0,0,0,0,0,0,0,0,0,0
bryan-dowd,NSH,0,0,0,0,0,0,0,0,0,0,0,0,0,0,0
bryan-dowd,CHI,0,0,0,0,0,0,0,0,0,0,0,0,0,0,0
sebastian-driussi,ATX,0,0,0,0,0,0,0,0,0,0,0,0,0,0,0
erik-duenas,LAFC,0,0,0,0,0,0,0,0,0,0,0,0,0,0,0
andrei-dumitru,TOR,0,0,0,0,0,0,0,0,0,0,0,0,0,0,0
kyle-duncan,RBNY,0,0,0,0,0,0,0,0,0,0,0,0,0,0,0
jeremy-ebobisse,SJ,0,0,0,0,0,0,0,0,0,0,0,0,0,0,0
nathaniel-edwards,TOR,0,0,0,0,0,0,0,0,0,0,0,0,0,0,0
wilson-eisner,SJ,0,0,0,0,0,0,0,0,0,0,0,0,0,0,0
maximus-ekk,NSH,0,0,0,0,0,0,0,0,0,0,0,0,0,0,0
piero-elias,NYC,0,0,0,0,0,0,0,0,0,0,0,0,0,0,0
justin-ellis,ORL,0,0,0,0,0,0,0,0,0,0,0,0,0,0,0
herbert-endeley,DAL,0,0,0,0,0,0,0,0,0,0,0,0,0,0,0
lawrence-ennali,HOU,0,0,0,0,0,0,0,0,0,0,0,0,0,0,0
bento-estrela,RBNY,0,0,0,0,0,0,0,0,0,0,0,0,0,0,0
matthew-evans,LAFC,0,0,0,0,0,0,0,0,0,0,0,0,0,0,0
facundo-farias,MIA,0,0,0,0,0,0,0,0,0,0,0,0,0,0,0
zackery-farnsworth,RSL,0,0,0,0,0,0,0,0,0,0,0,0,0,0,0
nick-fernandez,SJ,0,0,0,0,0,0,0,0,0,0,0,0,0,0,0
duran-michael-ferree,SD,0,0,0,0,0,0,0,0,0,0,0,0,0,0,0
jesus-ferreira,DAL,0,0,0,0,0,0,0,0,0,0,0,0,0,0,0
sebastian-ferreira,HOU,0,0,0,0,0,0,0,0,0,0,0,0,0,0,0
nick-firmino,ATL,0,0,0,0,0,0,0,0,0,0,0,0,0,0,0
kristian-fletcher,DC,0,0,0,0,0,0,0,0,0,0,0,0,0,0,0
danny-flores,SKC,0,0,0,0,0,0,0,0,0,0,0,0,0,0,0
nathan-uiliam-fogaca,POR,0,0,0,0,0,0,0,0,0,0,0,0,0,0,0
andreu-fontas,SKC,0,0,0,0,0,0,0,0,0,0,0,0,0,0,0
jahlane-forbes,CLT,0,0,0,0,0,0,0,0,0,0,0,0,0,0,0
isaiah-foster,CIN,0,0,0,0,0,0,0,0,0,0,0,0,0,0,0
nicolas-freire,MIA,0,0,0,0,0,0,0,0,0,0,0,0,0,0,0
malcolm-fry,NE,0,0,0,0,0,0,0,0,0,0,0,0,0,0,0
matias-gallardo,ATL,0,0,0,0,0,0,0,0,0,0,0,0,0,0,0
emiro-garces,LA,0,0,0,0,0,0,0,0,0,0,0,0,0,0,0
diego-garcia,DAL,0,0,0,0,0,0,0,0,0,0,0,0,0,0,0
chase-gasper,CHI,0,0,0,0,0,0,0,0,0,0,0,0,0,0,0
emil-gazdov,MTL,0,0,0,0,0,0,0,0,0,0,0,0,0,0,0
real-gill,NSH,0,0,0,0,0,0,0,0,0,0,0,0,0,0,0
gaston-gimenez,CHI,0,0,0,0,0,0,0,0,0,0,0,0,0,0,0
niko-gioacchini,CIN,0,0,0,0,0,0,0,0,0,0,0,0,0,0,0
jake-girdwood-reich,STL,0,0,0,0,0,0,0,0,0,0,0,0,0,0,0
caden-glover,STL,0,0,0,0,0,0,0,0,0,0,0,0,0,0,0
anibal-godoy,NSH,0,0,0,0,0,0,0,0,0,0,0,0,0,0,0
eliot-goldthrop,VAN,0,0,0,0,0,0,0,0,0,0,0,0,0,0,0
diego-gomez,MIA,0,0,0,0,0,0,0,0,0,0,0,0,0,0,0
tomas-gomez,RSL,0,0,0,0,0,0,0,0,0,0,0,0,0,0,0
gaston-gonzalez,ORL,0,0,0,0,0,0,0,0,0,0,0,0,0,0,0
mario-gonzalez,LAFC,0,0,0,0,0,0,0,0,0,0,0,0,0,0,0
maouloune-goumballe,SKC,0,0,0,0,0,0,0,0,0,0,0,0,0,0,0
carlos-gruezo,SJ,0,0,0,0,0,0,0,0,0,0,0,0,0,0,0
john-david-gunn,NE,0,0,0,0,0,0,0,0,0,0,0,0,0,0,0
nicholas-hagen,CLB,0,0,0,0,0,0,0,0,0,0,0,0,0,0,0
tyler-hall,MIA,0,0,0,0,0,0,0,0,0,0,0,0,0,0,0
michael-halliday-x8049,ORL,0,0,0,0,0,0,0,0,0,0,0,0,0,0,0
matt-hedges,ATX,0,0,0,0,0,0,0,0,0,0,0,0,0,0,0
fabian-herbers,CHI,0,0,0,0,0,0,0,0,0,0,0,0,0,0,0
jay-joshua-herdman,VAN,0,0,0,0,0,0,0,0,0,0,0,0,0,0,0
juan-camilo-hernandez-suarez,CLB,0,0,0,0,0,0,0,0,0,0,0,0,0,0,0
,SKC,0,0,0,0,0,0,0,0,0,0,0,0,0,0,0
oscar-herrera,MIN,0,0,0,0,0,0,0,0,0,0,0,0,0,0,0
aiden-hezarkhani,RSL,0,0,0,0,0,0,0,0,0,0,0,0,0,0,0
nicholas-holliday,CLT,0,0,0,0,0,0,0,0,0,0,0,0,0,0,0
,HOU,0,0,0,0,0,0,0,0,0,0,0,0,0,0,0
rio-hope-gund-x0557,NYC,0,0,0,0,0,0,0,0,0,0,0,0,0,0,0
jackson-hopkins,DC,0,0,0,0,0,0,0,0,0,0,0,0,0,0,0
alec-hughes,LAFC,0,0,0,0,0,0,0,0,0,0,0,0,0,0,0
tega-ikoba,POR,0,0,0,0,0,0,0,0,0,0,0,0,0,0,0
daron-iskenderian,RSL,0,0,0,0,0,0,0,0,0,0,0,0,0,0,0
emil-jaaskelainen,STL,0,0,0,0,0,0,0,0,0,0,0,0,0,0,0
jacob-jackson,SD,0,0,0,0,0,0,0,0,0,0,0,0,0,0,0
cole-jensen,MIA,0,0,0,0,0,0,0,0,0,0,0,0,0,0,0
geovane-jesus,DAL,0,0,0,0,0,0,0,0,0,0,0,0,0,0,0
cole-johnson,CLB,0,0,0,0,0,0,0,0,0,0,0,0,0,0,0
andrew-johnson,CLT,0,0,0,0,0,0,0,0,0,0,0,0,0,0,0
malachi-jones,NYC,0,0,0,0,0,0,0,0,0,0,0,0,0,0,0
isaiah-jones,NSH,0,0,0,0,0,0,0,0,0,0,0,0,0,0,0
nathaniel-jones,COL,0,0,0,0,0,0,0,0,0,0,0,0,0,0,0
dejan-joveljic,LA,0,0,0,0,0,0,0,0,0,0,0,0,0,0,0
mykhi-joyner,STL,0,0,0,0,0,0,0,0,0,0,0,0,0,0,0
anderson-julio,RSL,0,0,0,0,0,0,0,0,0,0,0,0,0,0,0
sam-junqua,DAL,0,0,0,0,0,0,0,0,0,0,0,0,0,0,0
sawyer-jura,POR,0,0,0,0,0,0,0,0,0,0,0,0,0,0,0
cyprian-kachwele,VAN,0,0,0,0,0,0,0,0,0,0,0,0,0,0,0
brent-kallman,NSH,0,0,0,0,0,0,0,0,0,0,0,0,0,0,0
kei-kamara,LAFC,0,0,0,0,0,0,0,0,0,0,0,0,0,0,0
alec-kann,CIN,0,0,0,0,0,0,0,0,0,0,0,0,0,0,0
hakim-karamoko,DC,0,0,0,0,0,0,0,0,0,0,0,0,0,0,0
kipp-keller,MIN,0,0,0,0,0,0,0,0,0,0,0,0,0,0,0
kevin-kelsy,CIN,0,0,0,0,0,0,0,0,0,0,0,0,0,0,0
max-kerkvliet,RSL,0,0,0,0,0,0,0,0,0,0,0,0,0,0,0
molik-khan,MIN,0,0,0,0,0,0,0,0,0,0,0,0,0,0,0
hosei-kijima,STL,0,0,0,0,0,0,0,0,0,0,0,0,0,0,0
benjamin-kikanovic,SJ,0,0,0,0,0,0,0,0,0,0,0,0,0,0,0
john-klein,STL,0,0,0,0,0,0,0,0,0,0,0,0,0,0,0
mateusz-klich,DC,0,0,0,0,0,0,0,0,0,0,0,0,0,0,0
matus-kmet,MIN,0,0,0,0,0,0,0,0,0,0,0,0,0,0,0
jordan-knight,NSH,0,0,0,0,0,0,0,0,0,0,0,0,0,0,0
jeorgio-kocevski,ORL,0,0,0,0,0,0,0,0,0,0,0,0,0,0,0
christian-koffi,CHI,0,0,0,0,0,0,0,0,0,0,0,0,0,0,0
christian-koffi,NSH,0,0,0,0,0,0,0,0,0,0,0,0,0,0,0
jack-kortkamp,SKC,0,0,0,0,0,0,0,0,0,0,0,0,0,0,0
georgios-koutsias,CHI,0,0,0,0,0,0,0,0,0,0,0,0,0,0,0
sergii-kryvstov,MIA,0,0,0,0,0,0,0,0,0,0,0,0,0,0,0
theodore-ku-dipietro,DC,0,0,0,0,0,0,0,0,0,0,0,0,0,0,0
theodore-ku-dipietro,COL,0,0,0,0,0,0,0,0,0,0,0,0,0,0,0
kevon-lambert,RSL,0,0,0,0,0,0,0,0,0,0,0,0,0,0,0
damian-las,ATX,0,0,0,0,0,0,0,0,0,0,0,0,0,0,0
ariel-lassiter,CHI,0,0,0,0,0,0,0,0,0,0,0,0,0,0,0
erik-lauta,NSH,0,0,0,0,0,0,0,0,0,0,0,0,0,0,0
randall-leal,NSH,0,0,0,0,0,0,0,0,0,0,0,0,0,0,0
jonathan-lewis,COL,0,0,0,0,0,0,0,0,0,0,0,0,0,0,0
finn-linder,VAN,0,0,0,0,0,0,0,0,0,0,0,0,0,0,0
,HOU,0,0,0,0,0,0,0,0,0,0,0,0,0,0,0
nicolas-lodeiro,ORL,0,0,0,0,0,0,0,0,0,0,0,0,0,0,0
antino-lopez,SEA,0,0,0,0,0,0,0,0,0,0,0,0,0,0,0
marvin-loria,POR,0,0,0,0,0,0,0,0,0,0,0,0,0,0,0
favian-loyola,ORL,0,0,0,0,0,0,0,0,0,0,0,0,0,0,0
riley-lynch,SJ,0,0,0,0,0,0,0,0,0,0,0,0,0,0,0
jack-lynn,ORL,0,0,0,0,0,0,0,0,0,0,0,0,0,0,0
zac-macmath,RSL,0,0,0,0,0,0,0,0,0,0,0,0,0,0,0
lukas-macnaughton,NSH,0,0,0,0,0,0,0,0,0,0,0,0,0,0,0
talles-magno-bacelar-martins,NYC,0,0,0,0,0,0,0,0,0,0,0,0,0,0,0
cassius-mailula,TOR,0,0,0,0,0,0,0,0,0,0,0,0,0,0,0
elias-manoel-alves-de-paula,RBNY,0,0,0,0,0,0,0,0,0,0,0,0,0,0,0
elias-manoel-alves-de-paula,RSL,0,0,0,0,0,0,0,0,0,0,0,0,0,0,0
jt-marcinkowski,SJ,0,0,0,0,0,0,0,0,0,0,0,0,0,0,0
george-marks,CLT,0,0,0,0,0,0,0,0,0,0,0,0,0,0,0
omar-marquez,RSL,0,0,0,0,0,0,0,0,0,0,0,0,0,0,0
benjamin-martino,NSH,0,0,0,0,0,0,0,0,0,0,0,0,0,0,0
felipe-martins,ORL,0,0,0,0,0,0,0,0,0,0,0,0,0,0,0
alexandru-irinel-matan,CLB,0,0,0,0,0,0,0,0,0,0,0,0,0,0,0
philip-mayaka,NSH,0,0,0,0,0,0,0,0,0,0,0,0,0,0,0
salvatore-mazzaferro,ATX,0,0,0,0,0,0,0,0,0,0,0,0,0,0,0
hugo-mbongue,TOR,0,0,0,0,0,0,0,0,0,0,0,0,0,0,0
dax-mccarty,ATL,0,0,0,0,0,0,0,0,0,0,0,0,0,0,0
aiden-mcfadden,ATL,0,0,0,0,0,0,0,0,0,0,0,0,0,0,0
christian-mcfarlane,NYC,0,0,0,0,0,0,0,0,0,0,0,0,0,0,0
jack-mcglynn,PHI,0,0,0,0,0,0,0,0,0,0,0,0,0,0,0
damario-mcintosh,NE,0,0,0,0,0,0,0,0,0,0,0,0,0,0,0
finn-mcrobb,MIN,0,0,0,0,0,0,0,0,0,0,0,0,0,0,0
brendan-mcsorley,STL,0,0,0,0,0,0,0,0,0,0,0,0,0,0,0
ryan-meara,RBNY,0,0,0,0,0,0,0,0,0,0,0,0,0,0,0
cruz-medina,SJ,0,0,0,0,0,0,0,0,0,0,0,0,0,0,0
tim-melia,SKC,0,0,0,0,0,0,0,0,0,0,0,0,0,0,0
edwyn-mendoza,SJ,0,0,0,0,0,0,0,0,0,0,0,0,0,0,0
matt-miazga,CIN,0,0,0,0,0,0,0,0,0,0,0,0,0,0,0
raul-miglietti,NSH,0,0,0,0,0,0,0,0,0,0,0,0,0,0,0
jovan-mijatovic,NYC,0,0,0,0,0,0,0,0,0,0,0,0,0,0,0
juan-mina,RBNY,0,0,0,0,0,0,0,0,0,0,0,0,0,0,0
roald-mitchell,RBNY,0,0,0,0,0,0,0,0,0,0,0,0,0,0,0
luca-moisa,RSL,0,0,0,0,0,0,0,0,0,0,0,0,0,0,0
malachi-molina,DAL,0,0,0,0,0,0,0,0,0,0,0,0,0,0,0
francesco-montali,MIN,0,0,0,0,0,0,0,0,0,0,0,0,0,0,0
francesco-montali,SJ,0,0,0,0,0,0,0,0,0,0,0,0,0,0,0
ricardo-montenegro,MIA,0,0,0,0,0,0,0,0,0,0,0,0,0,0,0
shaquell-moore,NSH,0,0,0,0,0,0,0,0,0,0,0,0,0,0,0
alfredo-morales,SJ,0,0,0,0,0,0,0,0,0,0,0,0,0,0,0
marcelo-morales,RBNY,0,0,0,0,0,0,0,0,0,0,0,0,0,0,0
chris-mueller,CHI,0,0,0,0,0,0,0,0,0,0,0,0,0,0,0
luis-muller,LAFC,0,0,0,0,0,0,0,0,0,0,0,0,0,0,0
jesus-david-murillo,LAFC,0,0,0,0,0,0,0,0,0,0,0,0,0,0,0
max-murray,NYC,0,0,0,0,0,0,0,0,0,0,0,0,0,0,0
thomas-musto,LAFC,0,0,0,0,0,0,0,0,0,0,0,0,0,0,0
thomas-musto,LA,0,0,0,0,0,0,0,0,0,0,0,0,0,0,0
federico-navarro,CHI,0,0,0,0,0,0,0,0,0,0,0,0,0,0,0
jalen-neal,LA,0,0,0,0,0,0,0,0,0,0,0,0,0,0,0
jalen-neal,MTL,0,0,0,0,0,0,0,0,0,0,0,0,0,0,0
jack-neeley,CLT,0,0,0,0,0,0,0,0,0,0,0,0,0,0,0
franco-negri,MIA,0,0,0,0,0,0,0,0,0,0,0,0,0,0,0
jake-nerwinski,STL,0,0,0,0,0,0,0,0,0,0,0,0,0,0,0
lewis-o-brien,LAFC,0,0,0,0,0,0,0,0,0,0,0,0,0,0,0
rory-o-driscoll,MIN,0,0,0,0,0,0,0,0,0,0,0,0,0,0,0
liam-o-gara,RSL,0,0,0,0,0,0,0,0,0,0,0,0,0,0,0
,MIA,0,0,0,0,0,0,0,0,0,0,0,0,0,0,0
emmanuel-ochoa,SJ,0,0,0,0,0,0,0,0,0,0,0,0,0,0,0
chituru-odunze,CLT,0,0,0,0,0,0,0,0,0,0,0,0,0,0,0
curtis-ofori,RBNY,0,0,0,0,0,0,0,0,0,0,0,0,0,0,0
cristian-olivera,LAFC,0,0,0,0,0,0,0,0,0,0,0,0,0,0,0
wyatt-omsberg,CHI,0,0,0,0,0,0,0,0,0,0,0,0,0,0,0
arquimides-ordonez,CIN,0,0,0,0,0,0,0,0,0,0,0,0,0,0,0
pablo-ortiz,HOU,0,0,0,0,0,0,0,0,0,0,0,0,0,0,0
allan-oyirwoth,NE,0,0,0,0,0,0,0,0,0,0,0,0,0,0,0
woobens-pacius,NSH,0,0,0,0,0,0,0,0,0,0,0,0,0,0,0
elliot-panicco,NSH,0,0,0,0,0,0,0,0,0,0,0,0,0,0,0
donovan-parisian,NE,0,0,0,0,0,0,0,0,0,0,0,0,0,0,0
tyson-pearce,STL,0,0,0,0,0,0,0,0,0,0,0,0,0,0,0
adam-pearlman,TOR,0,0,0,0,0,0,0,0,0,0,0,0,0,0,0
diego-pepi,DAL,0,0,0,0,0,0,0,0,0,0,0,0,0,0,0
jonathan-perez,LA,0,0,0,0,0,0,0,0,0,0,0,0,0,0,0
miguel-perez,STL,0,0,0,0,0,0,0,0,0,0,0,0,0,0,0
luca-petrasso,ORL,0,0,0,0,0,0,0,0,0,0,0,0,0,0,0
fafa-picault,VAN,0,0,0,0,0,0,0,0,0,0,0,0,0,0,0
selmir-pidro,STL,0,0,0,0,0,0,0,0,0,0,0,0,0,0,0
kayden-pierre-x9514,SKC,0,0,0,0,0,0,0,0,0,0,0,0,0,0,0
nelson-pierre,PHI,0,0,0,0,0,0,0,0,0,0,0,0,0,0,0
malik-pinto,CIN,0,0,0,0,0,0,0,0,0,0,0,0,0,0,0
paxton-pomykal,DAL,0,0,0,0,0,0,0,0,0,0,0,0,0,0,0
tomas-pondeca,DAL,0,0,0,0,0,0,0,0,0,0,0,0,0,0,0
david-poreba,CHI,0,0,0,0,0,0,0,0,0,0,0,0,0,0,0
ricard-puig-marti,LA,0,0,0,0,0,0,0,0,0,0,0,0,0,0,0
teemu-pukki,MIN,0,0,0,0,0,0,0,0,0,0,0,0,0,0,0
alan-pulido,SKC,0,0,0,0,0,0,0,0,0,0,0,0,0,0,0
nelson-quinones,HOU,0,0,0,0,0,0,0,0,0,0,0,0,0,0,0
alonso-ramirez,ATX,0,0,0,0,0,0,0,0,0,0,0,0,0,0,0
christian-ramirez,CLB,0,0,0,0,0,0,0,0,0,0,0,0,0,0,0
ryan-raposo,VAN,0,0,0,0,0,0,0,0,0,0,0,0,0,0,0
gibran-rayo,CLB,0,0,0,0,0,0,0,0,0,0,0,0,0,0,0
joao-pedro-x2116,CLT,0,0,0,0,0,0,0,0,0,0,0,0,0,0,0
jayden-reid,STL,0,0,0,0,0,0,0,0,0,0,0,0,0,0,0
tahir-reid-brown,ORL,0,0,0,0,0,0,0,0,0,0,0,0,0,0,0
andres-reyes,SD,0,0,0,0,0,0,0,0,0,0,0,0,0,0,0
spencer-richey,CHI,0,0,0,0,0,0,0,0,0,0,0,0,0,0,0
william-richmond,SJ,0,0,0,0,0,0,0,0,0,0,0,0,0,0,0
chris-rindov,SKC,0,0,0,0,0,0,0,0,0,0,0,0,0,0,0
daniel-rios,ATL,0,0,0,0,0,0,0,0,0,0,0,0,0,0,0
damian-rivera,NE,0,0,0,0,0,0,0,0,0,0,0,0,0,0,0
luis-rivera,RSL,0,0,0,0,0,0,0,0,0,0,0,0,0,0,0
wilfredo-rivera,ORL,0,0,0,0,0,0,0,0,0,0,0,0,0,0,0
braudilio-rodrigues,SEA,0,0,0,0,0,0,0,0,0,0,0,0,0,0,0
lineker-rodrigues-dos-santos,RSL,0,0,0,0,0,0,0,0,0,0,0,0,0,0,0
santiago-rodriguez,NYC,0,0,0,0,0,0,0,0,0,0,0,0,0,0,0
sebastian-rodriguez-x3810,HOU,0,0,0,0,0,0,0,0,0,0,0,0,0,0,0
missael-rodriguez,CHI,0,0,0,0,0,0,0,0,0,0,0,0,0,0,0
jonathan-rodriguez,POR,0,0,0,0,0,0,0,0,0,0,0,0,0,0,0
baltasar-rodriguez,MIA,0,0,0,0,0,0,0,0,0,0,0,0,0,0,0
matias-rojas,MIA,0,0,0,0,0,0,0,0,0,0,0,0,0,0,0
keith-romanshyn,MIN,0,0,0,0,0,0,0,0,0,0,0,0,0,0,0
abraham-romero,CLB,0,0,0,0,0,0,0,0,0,0,0,0,0,0,0
diego-rosales,LAFC,0,0,0,0,0,0,0,0,0,0,0,0,0,0,0
johnny-russell,SKC,0,0,0,0,0,0,0,0,0,0,0,0,0,0,0
ryan-sailor,MIA,0,0,0,0,0,0,0,0,0,0,0,0,0,0,0
carl-sainte,DAL,0,0,0,0,0,0,0,0,0,0,0,0,0,0,0
enes-sali,DAL,0,0,0,0,0,0,0,0,0,0,0,0,0,0,0
abdi-salim,ORL,0,0,0,0,0,0,0,0,0,0,0,0,0,0,0
tobias-salquist,CHI,0,0,0,0,0,0,0,0,0,0,0,0,0,0,0
ilie-sanchez,LAFC,0,0,0,0,0,0,0,0,0,0,0,0,0,0,0
james-sands,NYC,0,0,0,0,0,0,0,0,0,0,0,0,0,0,0
kieran-sargeant,HOU,0,0,0,0,0,0,0,0,0,0,0,0,0,0,0
samuel-sarver,DAL,0,0,0,0,0,0,0,0,0,0,0,0,0,0,0
alessandro-schopf,VAN,0,0,0,0,0,0,0,0,0,0,0,0,0,0,0
brady-scott,LA,0,0,0,0,0,0,0,0,0,0,0,0,0,0,0
amar-sejdic,NSH,0,0,0,0,0,0,0,0,0,0,0,0,0,0,0
jaylen-shannon,CHI,0,0,0,0,0,0,0,0,0,0,0,0,0,0,0
charlie-sharp,TOR,0,0,0,0,0,0,0,0,0,0,0,0,0,0,0
tommy-silva,RSL,0,0,0,0,0,0,0,0,0,0,0,0,0,0,0
joseph-skinner,NSH,0,0,0,0,0,0,0,0,0,0,0,0,0,0,0
sergi-solans,RSL,0,0,0,0,0,0,0,0,0,0,0,0,0,0,0
jhon-solis,ORL,0,0,0,0,0,0,0,0,0,0,0,0,0,0,0
arnaud-souquet,CHI,0,0,0,0,0,0,0,0,0,0,0,0,0,0,0
,MIA,0,0,0,0,0,0,0,0,0,0,0,0,0,0,0
kaedren-spivey,SJ,0,0,0,0,0,0,0,0,0,0,0,0,0,0,0
mason-stajduhar,ORL,0,0,0,0,0,0,0,0,0,0,0,0,0,0,0
charlie-staniland,TOR,0,0,0,0,0,0,0,0,0,0,0,0,0,0,0
aidan-stokes,RBNY,0,0,0,0,0,0,0,0,0,0,0,0,0,0,0
keller-storlie,RSL,0,0,0,0,0,0,0,0,0,0,0,0,0,0,0
santiago-suarez,NE,0,0,0,0,0,0,0,0,0,0,0,0,0,0,0
hunter-sulte,POR,0,0,0,0,0,0,0,0,0,0,0,0,0,0,0
lawson-sunderland,MIA,0,0,0,0,0,0,0,0,0,0,0,0,0,0,0
karol-swiderski,CLT,0,0,0,0,0,0,0,0,0,0,0,0,0,0,0
hennadii-synchuk,MTL,0,0,0,0,0,0,0,0,0,0,0,0,0,0,0
moises-tablante,CIN,0,0,0,0,0,0,0,0,0,0,0,0,0,0,0
nkosi-tafari,DAL,0,0,0,0,0,0,0,0,0,0,0,0,0,0,0
jude-terry,LAFC,0,0,0,0,0,0,0,0,0,0,0,0,0,0,0
mikah-thomas,CLT,0,0,0,0,0,0,0,0,0,0,0,0,0,0,0
tommy-thompson,SJ,0,0,0,0,0,0,0,0,0,0,0,0,0,0,0
nokkvi-thorisson,STL,0,0,0,0,0,0,0,0,0,0,0,0,0,0,0
john-tolkin,RBNY,0,0,0,0,0,0,0,0,0,0,0,0,0,0,0
adyn-torres,ATL,0,0,0,0,0,0,0,0,0,0,0,0,0,0,0
ervin-torres,ATX,0,0,0,0,0,0,0,0,0,0,0,0,0,0,0
facundo-torres,ORL,0,0,0,0,0,0,0,0,0,0,0,0,0,0,0
mason-toye,POR,0,0,0,0,0,0,0,0,0,0,0,0,0,0,0
jackson-travis,COL,0,0,0,0,0,0,0,0,0,0,0,0,0,0,0
holden-trent,PHI,0,0,0,0,0,0,0,0,0,0,0,0,0,0,0
macielo-tschantret,SKC,0,0,0,0,0,0,0,0,0,0,0,0,0,0,0
yutaro-tsukada,ORL,0,0,0,0,0,0,0,0,0,0,0,0,0,0,0
robert-turdean,CHI,0,0,0,0,0,0,0,0,0,0,0,0,0,0,0
marinos-tzionis,SKC,0,0,0,0,0,0,0,0,0,0,0,0,0,0,0
jere-uronen,CLT,0,0,0,0,0,0,0,0,0,0,0,0,0,0,0
alejandro-urzua,DAL,0,0,0,0,0,0,0,0,0,0,0,0,0,0,0
xavier-valdez,NSH,0,0,0,0,0,0,0,0,0,0,0,0,0,0,0
jefferson-valverde,HOU,0,0,0,0,0,0,0,0,0,0,0,0,0,0,0
dante-vanzeir,RBNY,0,0,0,0,0,0,0,0,0,0,0,0,0,0,0
alenis-vargas,SKC,0,0,0,0,0,0,0,0,0,0,0,0,0,0,0
marlon-vargas,COL,0,0,0,0,0,0,0,0,0,0,0,0,0,0,0
indiana-vassilev,STL,0,0,0,0,0,0,0,0,0,0,0,0,0,0,0
carlos-vela,LAFC,0,0,0,0,0,0,0,0,0,0,0,0,0,0,0
alan-velasco,DAL,0,0,0,0,0,0,0,0,0,0,0,0,0,0,0
moises-veliz-x5610,NSH,0,0,0,0,0,0,0,0,0,0,0,0,0,0,0
pau-vidal,SKC,0,0,0,0,0,0,0,0,0,0,0,0,0,0,0
juan-villa,RSL,0,0,0,0,0,0,0,0,0,0,0,0,0,0,0
sam-vines,COL,0,0,0,0,0,0,0,0,0,0,0,0,0,0,0
gino-vivi,LA,0,0,0,0,0,0,0,0,0,0,0,0,0,0,0
giacomo-vrioni,NE,0,0,0,0,0,0,0,0,0,0,0,0,0,0,0
giacomo-vrioni,MTL,0,0,0,0,0,0,0,0,0,0,0,0,0,0,0
aleksandar-vukovic,RSL,0,0,0,0,0,0,0,0,0,0,0,0,0,0,0
casey-walls,SJ,0,0,0,0,0,0,0,0,0,0,0,0,0,0,0
remi-walter,SKC,0,0,0,0,0,0,0,0,0,0,0,0,0,0,0
paul-walters,CIN,0,0,0,0,0,0,0,0,0,0,0,0,0,0,0
colin-welsh,STL,0,0,0,0,0,0,0,0,0,0,0,0,0,0,0
quentin-westberg,ATL,0,0,0,0,0,0,0,0,0,0,0,0,0,0,0
jacob-williams,ATL,0,0,0,0,0,0,0,0,0,0,0,0,0,0,0
eryk-williamson,POR,0,0,0,0,0,0,0,0,0,0,0,0,0,0,0
tyler-wolff,ATL,0,0,0,0,0,0,0,0,0,0,0,0,0,0,0
zidane-yanez,NYC,0,0,0,0,0,0,0,0,0,0,0,0,0,0,0
william-yarbrough,SJ,0,0,0,0,0,0,0,0,0,0,0,0,0,0,0
dru-anthony-yearwood,NSH,0,0,0,0,0,0,0,0,0,0,0,0,0,0,0
yaw-yeboah,CLB,0,0,0,0,0,0,0,0,0,0,0,0,0,0,0
adrian-zendejas,VAN,0,0,0,0,0,0,0,0,0,0,0,0,0,0,0